"Year","Mean_outflow_CY","Mean_inflow_CY","Mean_YOLO_CY","Mean_SAC_CY","Mean_Export_CY","Mean_outflow_WY","Mean_inflow_WY","Mean_YOLO_WY","Mean_SAC_WY","Mean_Export_WY","Chlorophyll","DIN","DissAmmonia","DissNitrateNitrite","DissOrthophos","Secchi","Temperature","FMWT_fish_catch_per_tow_AmericanShad","FMWT_fish_catch_per_tow_PacificHerring","FMWT_fish_catch_per_tow_ThreadfinShad","FMWT_fish_catch_per_tow_NorthernAnchovy","FMWT_fish_catch_per_tow_DeltaSmelt","FMWT_fish_catch_per_tow_StripedBass_age0","FMWT_fish_catch_per_tow_LongfinSmelt","FMWT_fish_catch_per_tow_Estuarine_pelagic_forage_fishes","FMWT_fish_catch_per_tow_Marine_pelagic_forage_fishes","FMWT_fish_biomass_AmericanShad","FMWT_fish_biomass_PacificHerring","FMWT_fish_biomass_ThreadfinShad","FMWT_fish_biomass_NorthernAnchovy","FMWT_fish_biomass_DeltaSmelt","FMWT_fish_biomass_StripedBass_age0","FMWT_fish_biomass_LongfinSmelt","FMWT_fish_biomass_Estuarine_pelagic_forage_fishes","FMWT_fish_biomass_Marine_pelagic_forage_fishes","BayStudy_MidwaterTrawl_fish_catch_per_tow_AmericanShad","BayStudy_MidwaterTrawl_fish_catch_per_tow_PacificHerring","BayStudy_MidwaterTrawl_fish_catch_per_tow_ThreadfinShad","BayStudy_MidwaterTrawl_fish_catch_per_tow_NorthernAnchovy","BayStudy_MidwaterTrawl_fish_catch_per_tow_DeltaSmelt","BayStudy_MidwaterTrawl_fish_catch_per_tow_StripedBass_age0","BayStudy_MidwaterTrawl_fish_catch_per_tow_StripedBass_age1above","BayStudy_MidwaterTrawl_fish_catch_per_tow_LongfinSmelt","BayStudy_MidwaterTrawl_fish_catch_per_tow_Estuarine_pelagic_forage_fishes","BayStudy_MidwaterTrawl_fish_catch_per_tow_Marine_pelagic_forage_fishes","BayStudy_MidwaterTrawl_fish_biomass_AmericanShad","BayStudy_MidwaterTrawl_fish_biomass_PacificHerring","BayStudy_MidwaterTrawl_fish_biomass_ThreadfinShad","BayStudy_MidwaterTrawl_fish_biomass_NorthernAnchovy","BayStudy_MidwaterTrawl_fish_biomass_DeltaSmelt","BayStudy_MidwaterTrawl_fish_biomass_StripedBass_age0","BayStudy_MidwaterTrawl_fish_biomass_StripedBass_age1above","BayStudy_MidwaterTrawl_fish_biomass_LongfinSmelt","BayStudy_MidwaterTrawl_fish_biomass_Estuarine_pelagic_forage_fishes","BayStudy_MidwaterTrawl_fish_biomass_Marine_pelagic_forage_fishes","BayStudy_OtterTrawl_fish_catch_per_tow_AmericanShad","BayStudy_OtterTrawl_fish_catch_per_tow_PacificHerring","BayStudy_OtterTrawl_fish_catch_per_tow_ThreadfinShad","BayStudy_OtterTrawl_fish_catch_per_tow_NorthernAnchovy","BayStudy_OtterTrawl_fish_catch_per_tow_DeltaSmelt","BayStudy_OtterTrawl_fish_catch_per_tow_StripedBass_age0","BayStudy_OtterTrawl_fish_catch_per_tow_StripedBass_age1above","BayStudy_OtterTrawl_fish_catch_per_tow_LongfinSmelt","BayStudy_OtterTrawl_fish_catch_per_tow_Estuarine_pelagic_forage_fishes","BayStudy_OtterTrawl_fish_catch_per_tow_Marine_pelagic_forage_fishes","BayStudy_OtterTrawl_fish_biomass_AmericanShad","BayStudy_OtterTrawl_fish_biomass_PacificHerring","BayStudy_OtterTrawl_fish_biomass_ThreadfinShad","BayStudy_OtterTrawl_fish_biomass_NorthernAnchovy","BayStudy_OtterTrawl_fish_biomass_DeltaSmelt","BayStudy_OtterTrawl_fish_biomass_StripedBass_age0","BayStudy_OtterTrawl_fish_biomass_StripedBass_age1above","BayStudy_OtterTrawl_fish_biomass_LongfinSmelt","BayStudy_OtterTrawl_fish_biomass_Estuarine_pelagic_forage_fishes","BayStudy_OtterTrawl_fish_biomass_Marine_pelagic_forage_fishes","DJFMP_fish_catch_per_seine_Silverside","DJFMP_fish_biomass_Silverside","STN_fish_catch_per_tow_AmericanShad","STN_fish_catch_per_tow_DeltaSmelt","STN_fish_catch_per_tow_LongfinSmelt","STN_fish_catch_per_tow_NorthernAnchovy","STN_fish_catch_per_tow_PacificHerring","STN_fish_catch_per_tow_StripedBass_age0","STN_fish_catch_per_tow_ThreadfinShad","STN_fish_catch_per_tow_Estuarine_pelagic_forage_fishes","STN_fish_catch_per_tow_Marine_pelagic_forage_fishes","STN_fish_biomass_AmericanShad","STN_fish_biomass_DeltaSmelt","STN_fish_biomass_LongfinSmelt","STN_fish_biomass_NorthernAnchovy","STN_fish_biomass_PacificHerring","STN_fish_biomass_StripedBass_age0","STN_fish_biomass_ThreadfinShad","STN_fish_biomass_Estuarine_pelagic_forage_fishes","STN_fish_biomass_Marine_pelagic_forage_fishes","Cladoceran_BPUE","Herbivorous_Copepods_BPUE","Mysids_BPUE","Predatory_Copepods_BPUE","Rotifers_BPUE","Cladoceran_CPUE","Herbivorous_Copepods_CPUE","Mysids_CPUE","Predatory_Copepods_CPUE","Rotifers_CPUE","Cladoceran_JPUE","Herbivorous_Copepods_JPUE","Mysids_JPUE","Predatory_Copepods_JPUE","Rotifers_JPUE","Corbicula_cpue","Potamocorbula_cpue","Amphipoda_CPUE","Amphipoda_BPUE"
1959,NA,NA,NA,NA,NA,NA,NA,NA,NA,NA,NA,NA,NA,NA,NA,NA,NA,NA,NA,NA,NA,NA,NA,NA,NA,NA,NA,NA,NA,NA,NA,NA,NA,NA,NA,NA,NA,NA,NA,NA,NA,NA,NA,NA,NA,NA,NA,NA,NA,NA,NA,NA,NA,NA,NA,NA,NA,NA,NA,NA,NA,NA,NA,NA,NA,NA,NA,NA,NA,NA,NA,NA,NA,NA,NA,NA,NA,0,7.22177419354839,0.357429718875502,9.64112903225806,0,2.85574092247301,0,10.4349448348969,9.64112903225806,0,0,12.6987262501244,0,0,2708.00192416377,0,2720.70065041389,0,NA,NA,NA,NA,NA,NA,NA,NA,NA,NA,NA,NA,NA,NA,NA,NA,NA,NA,NA
1960,NA,NA,NA,NA,NA,NA,NA,NA,NA,NA,NA,NA,NA,NA,NA,NA,NA,NA,NA,NA,NA,NA,NA,NA,NA,NA,NA,NA,NA,NA,NA,NA,NA,NA,NA,NA,NA,NA,NA,NA,NA,NA,NA,NA,NA,NA,NA,NA,NA,NA,NA,NA,NA,NA,NA,NA,NA,NA,NA,NA,NA,NA,NA,NA,NA,NA,NA,NA,NA,NA,NA,NA,NA,NA,NA,NA,NA,0.00411522633744856,7.05761316872428,0.312757201646091,1.65020576131687,0,4.51713395638629,0,11.8916195530941,1.65020576131687,0,0,0,0,0,2405.19940225178,0,2405.19940225178,0,NA,NA,NA,NA,NA,NA,NA,NA,NA,NA,NA,NA,NA,NA,NA,NA,NA,NA,NA
1961,NA,NA,NA,NA,NA,NA,NA,NA,NA,NA,NA,NA,NA,NA,NA,NA,NA,NA,NA,NA,NA,NA,NA,NA,NA,NA,NA,NA,NA,NA,NA,NA,NA,NA,NA,NA,NA,NA,NA,NA,NA,NA,NA,NA,NA,NA,NA,NA,NA,NA,NA,NA,NA,NA,NA,NA,NA,NA,NA,NA,NA,NA,NA,NA,NA,NA,NA,NA,NA,NA,NA,NA,NA,NA,NA,NA,NA,0,6.67619047619048,0.673015873015873,0.546031746031746,0,4.12087912087912,0,11.4700854700855,0.546031746031746,0,0,0,0,0,1507.13827913456,0,1507.13827913456,0,NA,NA,NA,NA,NA,NA,NA,NA,NA,NA,NA,NA,NA,NA,NA,NA,NA,NA,NA
1962,NA,NA,NA,NA,NA,NA,NA,NA,NA,NA,NA,NA,NA,NA,NA,NA,NA,NA,NA,NA,NA,NA,NA,NA,NA,NA,NA,NA,NA,NA,NA,NA,NA,NA,NA,NA,NA,NA,NA,NA,NA,NA,NA,NA,NA,NA,NA,NA,NA,NA,NA,NA,NA,NA,NA,NA,NA,NA,NA,NA,NA,NA,NA,NA,NA,NA,NA,NA,NA,NA,NA,NA,NA,NA,NA,NA,NA,0.0266666666666667,9.64666666666667,3.08333333333333,0.213333333333333,0,7.10379241516966,0,19.8604590818363,0.213333333333333,0,0,0,0,0,2420.25411632723,0,2420.25411632723,0,NA,NA,NA,NA,NA,NA,NA,NA,NA,NA,NA,NA,NA,NA,NA,NA,NA,NA,NA
1963,NA,NA,NA,NA,NA,NA,NA,NA,NA,NA,NA,NA,NA,NA,NA,NA,NA,NA,NA,NA,NA,NA,NA,NA,NA,NA,NA,NA,NA,NA,NA,NA,NA,NA,NA,NA,NA,NA,NA,NA,NA,NA,NA,NA,NA,NA,NA,NA,NA,NA,NA,NA,NA,NA,NA,NA,NA,NA,NA,NA,NA,NA,NA,NA,NA,NA,NA,NA,NA,NA,NA,NA,NA,NA,NA,NA,NA,0.266666666666667,0.701333333333333,0.0373333333333333,0.242666666666667,0.00533333333333333,9.65628281414071,0.072,10.733616147474,0.248,0,0,0,0,0,2196.36662658869,0,2196.36662658869,0,NA,NA,NA,NA,NA,NA,NA,NA,NA,NA,NA,NA,NA,NA,NA,NA,NA,NA,NA
1964,NA,NA,NA,NA,NA,NA,NA,NA,NA,NA,NA,NA,NA,NA,NA,NA,NA,NA,NA,NA,NA,NA,NA,NA,NA,NA,NA,NA,NA,NA,NA,NA,NA,NA,NA,NA,NA,NA,NA,NA,NA,NA,NA,NA,NA,NA,NA,NA,NA,NA,NA,NA,NA,NA,NA,NA,NA,NA,NA,NA,NA,NA,NA,NA,NA,NA,NA,NA,NA,NA,NA,NA,NA,NA,NA,NA,NA,0.146666666666667,12.9333333333333,1.88333333333333,0.363333333333333,0.146666666666667,7.95664739884393,0.01,22.9299807321773,0.51,0,0,0,0,0,1864.35574421468,0,1864.35574421468,0,NA,NA,NA,NA,NA,NA,NA,NA,NA,NA,NA,NA,NA,NA,NA,NA,NA,NA,NA
1965,NA,NA,NA,NA,NA,NA,NA,NA,NA,NA,NA,NA,NA,NA,NA,NA,NA,NA,NA,NA,NA,NA,NA,NA,NA,NA,NA,NA,NA,NA,NA,NA,NA,NA,NA,NA,NA,NA,NA,NA,NA,NA,NA,NA,NA,NA,NA,NA,NA,NA,NA,NA,NA,NA,NA,NA,NA,NA,NA,NA,NA,NA,NA,NA,NA,NA,NA,NA,NA,NA,NA,NA,NA,NA,NA,NA,NA,1.88333333333333,3.32,2.00333333333333,0.0933333333333333,0.0166666666666667,8.78725626740947,0.0266666666666667,16.0205896007428,0.11,0,0,0,0,0,2264.64792843534,0,2264.64792843534,0,NA,NA,NA,NA,NA,NA,NA,NA,NA,NA,NA,NA,NA,NA,NA,NA,NA,NA,NA
1967,NA,NA,NA,NA,NA,NA,NA,NA,NA,NA,NA,NA,NA,NA,NA,NA,NA,7.92598130161155,0.138400814871403,15.5360310790983,26.780303030303,1.15672935841003,61.0308490062692,115.930557829192,201.580148574581,26.9187038451744,NA,NA,NA,NA,NA,NA,NA,NA,NA,NA,NA,NA,NA,NA,NA,NA,NA,NA,NA,NA,NA,NA,NA,NA,NA,NA,NA,NA,NA,NA,NA,NA,NA,NA,NA,NA,NA,NA,NA,NA,NA,NA,NA,NA,NA,NA,NA,NA,NA,NA,NA,0,0,0,0,0,7.00702769739562,0,7.00702769739562,0,0,0,0,0,0,2547.03091233774,0,2547.03091233774,0,NA,NA,NA,NA,NA,NA,NA,NA,NA,NA,NA,NA,NA,NA,NA,NA,NA,NA,NA
1968,NA,NA,NA,NA,NA,NA,NA,NA,NA,NA,NA,NA,NA,NA,NA,NA,NA,2.13332999866613,0.0515873015873016,8.85013838868881,40.5276277177538,1.89274376417234,11.0584850606909,9.63065226090436,33.5653494731226,40.5792150193411,NA,NA,NA,NA,NA,NA,NA,NA,NA,NA,NA,NA,NA,NA,NA,NA,NA,NA,NA,NA,NA,NA,NA,NA,NA,NA,NA,NA,NA,NA,NA,NA,NA,NA,NA,NA,NA,NA,NA,NA,NA,NA,NA,NA,NA,NA,NA,NA,NA,NA,NA,0,0,0,0,0,8.48005260850504,0,8.48005260850504,0,0,0,0,0,0,2300.42689351619,0,2300.42689351619,0,NA,NA,NA,NA,NA,NA,NA,NA,NA,NA,NA,NA,NA,NA,NA,NA,NA,NA,NA
1969,NA,NA,NA,NA,NA,NA,NA,NA,NA,NA,NA,NA,NA,NA,NA,NA,NA,6.94544901293851,0,7.1172302254235,2.84126984126984,0.803884053621449,22.9599464785914,56.5439884287048,94.3704981992797,2.84126984126984,NA,NA,NA,NA,NA,133398.423054192,NA,NA,NA,NA,NA,NA,NA,NA,NA,NA,NA,NA,NA,NA,NA,NA,NA,NA,NA,NA,NA,NA,NA,NA,NA,NA,NA,NA,NA,NA,NA,NA,NA,NA,NA,NA,NA,NA,NA,NA,NA,NA,NA,NA,NA,0.210526315789474,0.975232198142415,1.95046439628483,0.0340557275541796,0.0185758513931889,6.57789979409746,0.0340557275541796,9.74817843186836,0.0526315789473684,0,0,0,0,0,1962.86846943737,0,1962.86846943737,0,NA,NA,NA,NA,NA,NA,NA,NA,NA,NA,NA,NA,NA,NA,NA,NA,NA,NA,NA
1970,44885.6794520548,48723.2657534247,12100.7890410959,30664.3835616438,3208.82465753425,41567.1835616438,45646.7342465753,11689.6821917808,27888.2191780822,2988.0602739726,NA,NA,NA,NA,NA,NA,NA,1.59102504638219,0.0357142857142857,6.93075912183055,5.10487012987013,4.58864409400124,22.5783317872604,6.70234230055659,42.3911023500309,5.14058441558442,NA,NA,NA,NA,NA,149914.253339124,NA,NA,NA,NA,NA,NA,NA,NA,NA,NA,NA,NA,NA,NA,NA,NA,NA,NA,NA,NA,NA,NA,NA,NA,NA,NA,NA,NA,NA,NA,NA,NA,NA,NA,NA,NA,NA,NA,NA,NA,NA,NA,NA,NA,NA,0.0578231292517007,10.656462585034,1.50340136054422,0.877551020408163,0.00340136054421769,5.96783844427824,0.136054421768707,18.3215799408769,0.880952380952381,0,0,0,0,0,2333.24101528455,0,2333.24101528455,0,NA,NA,NA,NA,NA,NA,NA,NA,NA,NA,NA,NA,NA,NA,NA,NA,NA,NA,NA
1971,25881.6246575342,31666.8575342466,881.145205479452,27525.4794520548,4251.08493150685,32068.2520547945,37117.098630137,1827.80547945205,31589.8630136986,4019.05753424658,NA,NA,NA,NA,NA,NA,NA,2.26352040816327,0.114285714285714,8.38777829313544,29.2448051948052,3.4906462585034,24.0010487528345,28.8457560296846,66.9887497423212,29.3590909090909,18630.018569548,NA,NA,NA,NA,130063.565213372,NA,NA,NA,NA,NA,NA,NA,NA,NA,NA,NA,NA,NA,NA,NA,NA,NA,NA,NA,NA,NA,NA,NA,NA,NA,NA,NA,NA,NA,NA,NA,NA,NA,NA,NA,NA,NA,NA,NA,NA,NA,NA,NA,NA,NA,0.271468144044321,6.52908587257618,3.33518005540166,0.351800554016621,0,4.52341498559078,0.404432132963989,15.0635811905769,0.351800554016621,0,0,0,0,0,1247.09150384478,0,1247.09150384478,0,NA,NA,NA,NA,NA,NA,NA,NA,NA,NA,NA,NA,NA,NA,NA,NA,NA,NA,NA
1972,13743.7049180328,20412.9890710382,126.713114754098,18329.781420765,5223.1174863388,12646.7540983607,19323.0245901639,40.5,17246.9945355191,4877.32240437158,NA,NA,NA,NA,NA,NA,NA,0.669416099773243,0.0361008039579468,5.7868661100804,4.67783189033189,3.34835600907029,16.0287329073043,1.4310348381777,27.264405964406,4.71393269428984,3480.27694848702,NA,NA,NA,NA,109401.555004695,NA,NA,NA,NA,NA,NA,NA,NA,NA,NA,NA,NA,NA,NA,NA,NA,NA,NA,NA,NA,NA,NA,NA,NA,NA,NA,NA,NA,NA,NA,NA,NA,NA,NA,NA,NA,NA,NA,NA,NA,NA,NA,NA,NA,NA,0.329749103942652,13.1541218637993,1.9426523297491,2.1505376344086,0.03584229390681,4.35337323177367,0.114695340501792,19.8945918697665,2.18637992831541,0,0,0,0,0,924.886769747414,0,924.886769747414,0,358379.712,2203973.5988,3247401.77461384,221895.8784,2426764.7594,213258.92,633291.32,8151.1,66040.44,19070588.62,6916386.57580915,58115447.7653105,67001098.1000179,5080980.69943834,39865768.0342566,NA,NA,NA,NA
1973,40840.8767123288,46290.3643835616,6988.60547945206,33517.8082191781,4860.33698630137,33679.9863013699,39035.0219178082,5300.06301369863,28516.4383561644,4798.29863013699,NA,NA,NA,NA,NA,NA,NA,2.29706049086301,0.519557823129252,1.33497273909564,16.6045213918901,4.34955315459517,15.2389401564822,13.6739260287448,36.8944525697808,17.1240792150193,14516.0950467079,0,NA,9453.01233461551,NA,111098.920926862,NA,NA,9453.01233461551,NA,NA,NA,NA,NA,NA,NA,NA,NA,NA,NA,NA,NA,NA,NA,NA,NA,NA,NA,NA,NA,NA,NA,NA,NA,NA,NA,NA,NA,NA,NA,NA,NA,NA,NA,NA,NA,NA,NA,NA,NA,NA,0.34453781512605,2.20868347338936,0.814285714285714,0.877159309021113,0.0138888888888889,4.44981862152358,0.0504587155963303,7.86778433992103,0.891048197910002,383.348127117449,988.509454530623,432.485977781739,5572.810054622,43.1691623052888,1557.41539257974,190.44137305372,3552.20032506327,5615.97921692728,155218.59,1191548.1252,3945871.58497394,66391.1808,3264590.7046,168612.38,377878.23,14236.99,19759.28,23030365.68,3338573.53664805,31377745.6619148,81412078.7953164,1520227.91360563,35116977.062538,NA,NA,NA,NA
1974,45005.1123287671,52081.5068493151,8697.33150684932,37436.4383561644,5737.56712328767,51691.2821917808,58786.4931506849,10465.3780821918,42344.1095890411,6138.01917808219,NA,NA,NA,NA,NA,NA,NA,NA,NA,NA,NA,NA,NA,NA,NA,NA,NA,NA,NA,NA,NA,NA,NA,NA,NA,NA,NA,NA,NA,NA,NA,NA,NA,NA,NA,NA,NA,NA,NA,NA,NA,NA,NA,NA,NA,NA,NA,NA,NA,NA,NA,NA,NA,NA,NA,NA,NA,NA,NA,NA,NA,NA,NA,NA,NA,NA,NA,0.616766467065868,1.60049019607843,2.72013651877133,0.184100418410042,0,3.97306855277476,0.013953488372093,8.92441522306248,0.184100418410042,621.125326079348,811.356079087384,1954.81930340481,1852.90229641421,0,1448.69078384398,13.9222743649815,4849.9137667805,1852.90229641421,545953.806,1521216.81,5040697.331593,59957.9232,2589797.883,375922.26,507249.42,15418.64,17844.62,20429421.68,11205736.7612718,39902376.5103986,104000761.176748,1372918.92375053,43948077.4651736,NA,NA,NA,NA
1975,26152.6136986301,34134.802739726,1292.06849315068,27378.6301369863,6668.95342465753,27474.7095890411,34182.3287671233,1299.84657534247,27447.1232876712,5493.80821917808,NA,NA,NA,NA,NA,NA,NA,5.27435560714185,0.0623964169000934,1.48043084658106,4.67473447712418,2.17279689653639,14.2578130596644,7.04301637321595,30.2284127831397,4.73713089402428,56009.1523444272,344.583743948903,14822.1895548565,429.589038613183,2226.23231978267,74199.6825385702,19721.9512038586,166979.207961495,774.172782562086,NA,NA,NA,NA,NA,NA,NA,NA,NA,NA,NA,NA,NA,NA,NA,NA,NA,NA,NA,NA,NA,NA,NA,NA,NA,NA,NA,NA,NA,NA,NA,NA,NA,NA,NA,NA,NA,NA,NA,NA,NA,NA,0.899824253075571,1.81225680933852,0.0973154362416107,0.143769968051118,0,4.04319699499165,0.117056856187291,6.96965034983465,0.143769968051118,991.143623287344,913.23062263287,131.868902448083,1016.49652341997,0,1372.76005135716,339.124217473101,3748.12741719856,1016.49652341997,225884.14,705526.2309,2011624.96766268,37254,1829723.5812,200851.2,315243.87,11508.1,11087.5,13870209.59,4727239.81399644,18090502.1172384,41504282.8554345,853043.58216,31147851.5136262,525.641025641026,0,2863.78205128205,164.635802972761
1976,5380.32786885246,13059.2459016393,14.8469945355191,11553.7978142076,5899.00273224044,9009.4781420765,17596.3770491803,20.103825136612,15181.8852459016,6883.39890710382,NA,NA,NA,NA,NA,NA,NA,0.70136827458256,0.0748299319727891,2.24876314162028,1.3327806122449,0.921745516388373,2.23785619142762,0.633874458874459,6.7436075828933,1.40761054421769,10082.4480388298,419.956196444641,203.872551469205,1190.97549931112,1359.68674615148,23098.6821308645,2902.12769684291,37646.817164158,1610.93169575576,NA,NA,NA,NA,NA,NA,NA,NA,NA,NA,NA,NA,NA,NA,NA,NA,NA,NA,NA,NA,NA,NA,NA,NA,NA,NA,NA,NA,NA,NA,NA,NA,NA,NA,NA,NA,NA,NA,NA,NA,0,0,0.212389380530973,13.0524590163934,0.110047846889952,1.66150442477876,0,1.8367903930131,0.104545454545455,15.3162320913729,1.66150442477876,519.453432127998,312.839287092124,112.087292341964,1863.56188040393,0,1160.77628710738,218.257104894387,2323.41340356385,1863.56188040393,206524.812,1260426.3263,3374639.64139334,34762.8288,658250.3394,212726.04,449380.31,11201.57,10346.08,5455747.92,4679147.68502406,32585420.0243096,69626297.3780295,796000.644375552,4574664.0761417,NA,NA,NA,NA
1977,3688.07945205479,7993.71232876712,1.11780821917808,7548.38356164384,2877.74520547945,3421.42739726027,8226.72602739726,1.81095890410959,7608.30136986301,3074.8,NA,NA,NA,NA,NA,NA,NA,1.33086927952999,0.14234693877551,16.2329796691404,62.2349721706865,1.3033047309833,2.86449096538382,0.581441326530612,22.3130859715681,62.377319109462,18900.8420439568,936.021481754773,150705.806071327,1456.66948966032,1097.56762010597,19259.1898236017,3257.72917081853,193221.13472981,2392.69097141509,NA,NA,NA,NA,NA,NA,NA,NA,NA,NA,NA,NA,NA,NA,NA,NA,NA,NA,NA,NA,NA,NA,NA,NA,NA,NA,NA,NA,NA,NA,NA,NA,NA,NA,NA,NA,NA,NA,NA,NA,0.208333333333333,320.637475708208,0.431578947368421,5.62584118438762,0.651465798045603,1.53333333333333,0.00826446280991736,2.33007334963325,0.420689655172414,9.45964893460731,1.54159779614325,898.808058279577,3770.99829348138,293.761589768638,3341.83950680478,7.34771660137554,506.29576138607,326.084741688291,5795.94844460396,3349.18722340616,91854.87,2194916.7984,283119.963877798,2872.464,1223430.1788,131455.9,780829.71,713.27,854.9,10195251.49,2092310.21257281,56059900.8531971,5841392.53175889,65773.79557056,11184817.0586284,326.923076923077,0,141.025641025641,5.43972564783123
1978,30666.6328767123,38143.1671232877,3928.89315068493,25638.0821917808,6763.33424657534,29438.0849315068,36050.1780821918,3927.96712328767,24362.3287671233,6133.77260273973,NA,NA,NA,NA,NA,NA,NA,2.95238182977154,0.0467948717948718,0.590485719346013,6.7285050558685,0.823729203219749,8.48150251942269,13.1985035039657,26.0466027757257,6.77529992766337,49815.2045406409,3525.75601648819,6072.54258253019,36247.8556331732,1549.15699362768,51557.1405048254,49850.9464569062,158844.99107853,39773.6116496614,NA,NA,NA,NA,NA,NA,NA,NA,NA,NA,NA,NA,NA,NA,NA,NA,NA,NA,NA,NA,NA,NA,NA,NA,NA,NA,NA,NA,NA,NA,NA,NA,NA,NA,NA,NA,NA,NA,NA,NA,1.10777777777778,2129.50156341311,1.55983772819473,6.23296354992076,0.143518518518519,2.11111111111111,0.00966183574879227,3.92717516289766,0.15,12.0134949595317,2.1207729468599,1551.25272369002,702.084164790207,108.545029832286,4876.26681518623,42.4342700978418,893.5379702977,128.001469946429,3383.42135855665,4918.70108528407,71282.616,1368971.39975,1834698.03745733,8714.16,1276734.1344,72719.2,526602.3,6807.03,2593.5,10639451.12,1437527.96475107,35560758.9179595,37853888.0382938,199537.1842464,10834014.2665635,19.2307692307692,0,121.260683760684,8.54578733402848
1979,16570.2219178082,23929.4712328767,281.161643835616,18792.0547945205,6588.04109589041,15750.5150684932,23156.2410958904,202.454794520548,17953.4246575342,6350.86849315069,NA,NA,NA,NA,NA,NA,NA,NA,NA,NA,NA,NA,NA,NA,NA,NA,NA,NA,NA,NA,NA,NA,NA,NA,NA,NA,NA,NA,NA,NA,NA,NA,NA,NA,NA,NA,NA,NA,NA,NA,NA,NA,NA,NA,NA,NA,NA,NA,NA,NA,NA,NA,NA,NA,NA,NA,NA,NA,NA,NA,NA,NA,NA,NA,NA,3.50166666666667,7860.08871967106,0.498371335504886,1.90080971659919,1.49244712990937,1.14123006833713,0.00900900900900901,2.24210526315789,0.0135135135135135,6.14724695868485,1.15023907734614,664.815720788985,1872.3893711767,921.013365032769,6957.21936351533,19.2478999752911,971.785068938876,41.3112282661566,4471.31475420348,6976.46726349062,53941.578,1665752.67744,1391375.20978216,978.432,1300956.5582,59771.92,660887.54,7917.72,291.2,10741496.4,1203884.41906464,42530561.1450658,28707155.2566461,22404.17507328,6849251.2167561,1067.30769230769,0,1189.99287749288,103.671582517809
1980,37685.1475409836,45361.9453551913,8652.29781420765,25809.2896174863,6432.98087431694,38731.3606557377,46031.4972677596,8728.80054644809,26576.2295081967,6402.37158469945,7.64762526459433,0.328243850774146,0.057722971864339,0.270520878909807,0.125118569504138,39.6795874748377,15.6828079780341,7.78948794261294,0.820911826268969,17.7948696145125,26.9421523417059,4.72563121402407,4.43533470497756,68.2616965375894,103.007020013716,27.7630641679749,106946.893573432,3012.42725358514,205170.812297499,124332.844829268,13403.2023783245,26928.0633120834,272641.976346298,625090.947907636,127345.272082853,1.06845238095238,0.45952380952381,0.157142857142857,23.9666666666667,1.60059523809524,5.71607142857143,1.50178571428571,41.5357142857143,50.0779761904762,24.4261904761905,35770.3485227125,626.610390637753,1813.17952248,125961.44131393,2331.98451008461,20531.8432595293,366687.183236186,65667.0980664863,126114.453881293,126588.051704568,0.0285714285714286,0.0625,0,1.28928571428571,0.757142857142857,7.64166666666667,0.486309523809524,17.0517857142857,25.4791666666667,1.35178571428571,287.606523641628,71.4837013443114,0,7300.4672250729,724.055347298373,30772.9476387403,49664.5019438544,15179.7865538219,46964.3960635022,7371.95092641721,3.88333333333333,5603.0212339117,0.184210526315789,1.37128072445019,1.41964285714286,0.406474820143885,0.0476190476190476,2.42647058823529,0,5.40160469614414,0.454093867762933,135.395115011996,936.433206173803,1402.56765723871,2046.06214011934,51.6401725510929,808.51031331008,0,3282.90629173459,2097.70231267043,556915.954,1354740.61415,2679597.80871594,1416.0069,659413.343,356016.94,471788.52,10513.84,3473.34,4878278.06,11565877.0932966,34754963.6923902,55286043.4621517,32423.782636476,7171465.56189279,1721.91697191697,0,797.542735042735,53.930463370247
1981,19375.5835616438,26609.3863013699,2555.15068493151,21412.9315068493,6323.91506849315,10875.1369863014,18875.4712328767,171.580821917808,15868.7397260274,6671.12054794521,5.88998926689607,0.36181656559168,0.0703376314044732,0.291478934187207,0.106304477056173,48.2877522443893,17.1634090230521,2.84662698412698,0.00630252100840336,6.51516356542617,47.2464431605976,1.16892256902761,8.70801904094971,4.38334417100173,23.6220763305322,47.252745681606,42977.2727403384,21.1829026397448,54182.1266519892,51341.8203361959,2602.85629415413,68437.8326639008,30609.4983590198,198809.586709402,51363.0032388357,2.83571428571429,0.128571428571429,0.0285714285714286,138.235714285714,2.01190476190476,14.0306939286033,1.42168702377762,11.3785714285714,30.2854558333652,138.364285714286,37489.1692420762,256.873015361012,191.237506450779,352209.760160303,5040.3157418805,43119.6105435104,343964.393772689,44241.2127562421,130081.54579016,352466.633175664,0,0.0571428571428571,0,2.41761904761905,0.617142857142857,16.8684625284625,0.704870804870805,2.70333333333333,20.1889387189387,2.4747619047619,0,101.974745200525,0,10050.2488581021,1122.98153034399,45669.0726602137,67364.2402735472,6874.53967966945,53666.5938702272,10152.2236033026,1.85944444444444,2160.68864454648,0.241860465116279,2.0865224625624,0.706122448979592,2.83950617283951,0.0101522842639594,1.82210401891253,0.0597014925373134,4.91631088810811,2.84965845710347,443.435950455801,1343.50871036444,400.749954393002,2482.00139514168,23.5963865954901,1434.80523384408,182.177055909959,3804.67690496728,2505.59778173717,39692.306,1221310.99607,1740141.41357959,23472.9896,779919.1648,45751.96,543058.64,7090.61,7344.36,6666999.14,913787.641690911,31412143.395524,35902975.2556609,537485.454780384,4844114.66868036,1586.00427350427,0,307.677469135802,23.076754963514
1982,58497.1095890411,65165.1260273973,8538.03287671233,41810.6849315068,6845.94520547945,56506.9698630137,63073.2630136986,9841.40547945205,41503.9178082192,6511.84109589041,8.23694229185309,0.319655634459037,0.0574786857806675,0.26217694867837,0.0701348160857473,40.1196539972369,15.8718340913396,9.36004299447052,0.657694327731092,3.31689061988432,7.37355567226891,1.40912573362678,10.5272980208701,108.774279446627,133.387636815479,8.03125,56930.261417288,1067.44951139233,27951.2633260711,15565.0918715895,1319.67689480251,68385.7048673041,379644.419166296,534231.325671762,16632.5413829818,13.5857142857143,2.54285714285714,0.128571428571429,7.62857142857143,0.985714285714286,40.8204481792717,0.679551820728291,71.0285714285714,126.549019607843,10.1714285714286,94397.5996677401,6176.50315988449,778.150374886906,42997.1757527147,1666.6092574973,66486.4046196516,178863.756040057,73080.441292592,236409.205212368,49173.6789125992,0.0428571428571429,0.0142857142857143,0,0.271428571428571,0.342857142857143,16.8693121693122,1.01640211640212,40.2,57.4550264550265,0.285714285714286,1585.49796818424,11.2429469132825,0,1393.17645747069,528.872493360081,44189.4173522697,106882.108629168,39568.0132816536,85871.8010954675,1404.41940438397,13.3983333333333,2927.99581053962,0.644705882352941,1.44839449541284,1.4896,0.427777777777778,0.226114649681529,2.90284222737819,0.311320754716981,6.79686335986096,0.653892427459306,672.341469400466,683.379382066909,1342.71618468382,1415.72063924523,530.285507521275,1168.87282973558,241.860903474393,4109.17076936116,1946.00614676651,92690.362,1004979.14031,3915118.11350168,34971.9552,365047.4422,131110.08,442510.64,16206.45,10408.32,2584898.7,2073882.75310142,25553813.753793,80777566.4983972,800789.229047808,6014576.85085319,2050.74786324786,0,504.837369420703,35.1209854384011
1983,98011.6630136986,102973.657534247,24336.2219178082,49907.6712328767,5080.29589041096,88767.5150684932,94949.2767123288,20504.1150684931,46895.6164383562,6205.99452054795,5.10392338576361,0.31230505472972,0.0502647123467579,0.262040342382963,0.0471596639333582,43.3968462288826,16.2037286022762,5.97276973289316,0.0315126050420168,5.19334341691222,91.0924369747899,0.524038990596238,20.5880179840001,15.9465396575297,48.2247097819314,91.1239495798319,28837.0522535723,257.251979663403,33058.159910199,247871.054507656,1030.6584476385,126008.790878702,52139.7206827934,241074.382172906,248128.30648732,4.0452380952381,0,1.54047619047619,0.585714285714286,0.716666666666667,14.4532212885154,0.218207282913165,8.52857142857143,29.2841736694678,0.585714285714286,12287.2368493554,0,8257.88961449897,1560.70824863992,2039.60301464072,47452.7274409835,50325.4511269688,49321.4578300864,119358.914749565,1560.70824863992,0.166666666666667,0,0.0309523809523809,0.314285714285714,0.233333333333333,68.7779907181728,2.87915213897007,1.18571428571429,70.3946573848394,0.314285714285714,871.757910160647,0,281.610419225245,697.523834430844,432.722826551804,164265.376942294,413773.275210672,6684.43969540532,172535.907793637,697.523834430844,9.96666666666667,10362.9613512002,1.00869565217391,0.580381471389646,0.0769230769230769,0.0671936758893281,0,2.68097705403405,0.385350318471338,4.73232757299202,0.0671936758893281,571.692490036331,339.404375956108,196.651092543711,116.429036160921,0,1243.34927652783,515.930749985245,2867.02798504923,116.429036160921,209281.656,635413.27866,426356.651314866,39192.5037,595912.0682,292676.18,366802.23,1363.22,23878.14,5084540.65,4907873.50234828,16043301.9708129,8796682.94932164,897431.517422748,11160389.443493,2265.34576534577,0,378.779785029785,27.0590975515887
1984,26012.9508196721,34237.6338797814,1868.91256830601,24947.8142076503,6783.27868852459,42151.0710382514,48774.3633879781,6551.16666666667,31019.1256830601,5472.24043715847,7.80682186614206,0.283959570727207,0.0497929040605406,0.234166666666667,0.0582550518936056,51.5667825919264,16.5184722222222,1.70656036404461,0.0178571428571429,1.30352615793792,20.5503451380552,0.522552006913877,11.4663619425043,13.2603484449335,28.2593489163342,20.5682022809124,3413.35806864451,0,443.918924632506,2805.22250059842,349.461960404984,107265.423144281,14999.9309680007,126472.093065964,2805.22250059842,3.28571428571429,0.7,0.228571428571429,238.214285714286,0.814285714285714,7.17142857142857,0.314285714285714,6.12857142857143,17.6285714285714,238.914285714286,14545.1662079959,685.127499685776,2850.25475807042,1379663.89229836,2476.55415344536,28434.2905000733,39698.2996560168,28736.60920526,77042.8748248449,1380349.01979805,0.0142857142857143,0,0.0285714285714286,0.814285714285714,0.0857142857142857,20.3727709951905,0.870086147666614,2.22857142857143,22.7299138523334,0.814285714285714,33.0081392978836,0,308.21496850011,5401.97611862579,196.657397938732,41514.662153562,111354.234392747,8647.62707911008,50700.1697384088,5401.97611862579,12.0677777777778,15094.5814581892,0.324137931034483,0.450617283950617,0.0078125,6.3356890459364,0,1.80750721847931,0.0387596899224806,2.62883462338689,6.3356890459364,626.057062793756,237.900510380193,332.94964823089,4266.15464062196,0,1227.90564021445,66.2909299655243,2491.10379158482,4266.15464062196,155495.74,1179472.56327,2617392.42192323,35898.975,459270.5492,196315.03,565775.92,7313.68,24274.8,4038674.13,3692961.26256389,30062020.338531,54002608.4232756,822016.165509,4439061.87537613,3051.81623931624,0,798.403371320038,63.5960979556683
1985,7482.02465753425,16838.4438356164,35.7260273972603,13859.9452054795,7994.99178082192,11611.2273972603,20677.9643835616,236.679452054795,16860.3287671233,7753.4904109589,5.90995483767598,0.349674754992031,0.0768055555555556,0.272869199436475,0.0944469817910148,74.4513888888889,15.9143055555556,4.03040219875829,0.060905612244898,1.13910290757717,15.7529142907163,0.319580610021787,6.74149149267322,2.71511562326951,14.9456928323,15.8138199029612,51046.5758062356,244.112349901158,9422.24413926157,61545.7264783522,770.953436321007,61521.9677786898,14143.1044314758,136904.845591984,61789.8388282533,0.8875,4.025,0.0375,67.175,0.1125,2.06517857142857,0.409821428571429,7.0625,10.1651785714286,71.2,9005.5210810375,2538.61560711239,384.507865787086,320680.547670068,472.431890362618,12110.9529988112,159659.181333153,40376.6637995174,62350.0776355158,323219.163277181,0.0375,0.25,0.0125,0.9375,0,13.2510027746948,0.873997225305216,2.5125,15.8135027746948,1.1875,590.523504738405,117.724333585434,116.750195203603,4245.65011495118,0,77584.8851672255,100987.741361688,7061.51070475367,85353.6695719212,4363.37444853662,9.20972222222222,16383.4311316979,0.147208121827411,0.286995515695067,0.133004926108374,4.26964285714286,0,1.30609597924773,0.00526315789473684,1.87856770077332,4.26964285714286,360.262981522868,259.203214443203,107.901942052703,3554.50448346349,0,921.57268827972,9.42976027021972,1658.37058656871,3554.50448346349,98056.344,1096671.67743,2792547.74193517,50957.3757,1135465.4502,132183.3,609343.41,13819.53,89627.62,9555113.54,2368162.29793582,27808779.9326849,57616450.9944665,1166824.02707363,9833087.01078257,1524.86402486402,0,308.825433825434,23.4260716666488
1986,41596.8109589041,49669.0465753425,13962.3424657534,25202.7397260274,7234.6904109589,40950.1534246575,48832.6657534247,13975.6575342466,24784.2739726027,7505.12328767123,6.93007302750232,0.340653821198251,0.0654624150416009,0.27519140615665,0.0721087233350097,44.7081972831474,16.1172758271224,3.8363097511732,0.0293242296918768,1.03526077097506,44.2610919367747,0.625688760352626,9.64967975826694,15.9271387721755,31.0740778129434,44.2904161664666,23627.695688167,446.148825899407,12082.6700593063,13023.2798184831,1101.80730387218,51996.1015210093,43640.9653660104,132449.239938365,13469.4286443826,1.5,0.166666666666667,0.1,34.0666666666667,1.08333333333333,27.5767283286258,1.47327167137416,10.4166666666667,40.6767283286258,34.2333333333333,32418.6574371665,431.937656224543,1057.37138172387,228435.445748103,2125.07554164842,51971.1575429203,366307.73892773,35115.5456062459,122687.807509705,228867.383404328,0,0,0,0.733333333333333,0.2,10.4361635220126,0.730503144654088,1.31666666666667,11.9528301886792,0.733333333333333,0,0,0,5225.83964361214,671.878132672261,18279.2238200532,106255.800092983,4048.86126118676,22999.9632139122,5225.83964361214,5.15138888888889,8017.58785987308,0.323529411764706,1.34362934362934,0.25,0.904255319148936,0,2.37523719165085,0.020979020979021,4.31337496802392,0.904255319148936,369.741247477216,1642.95242670631,145.809706753152,3182.60924760827,0,1242.24130763225,39.4434397192984,3440.18812828822,3182.60924760827,115208.462,1007594.45516,3464665.40866367,43152.2322,631006.0486,104456.94,370872.89,20692.27,18110.42,5235847.05,2433609.37209484,25965230.3047905,71483728.5439425,988101.539004888,7298743.22882181,619.155354449472,0,399.965434891905,27.4404823692364
1987,7528.06849315068,15640.4328767123,48.1205479452055,13215.5068493151,7085.15890410959,8352.67397260274,16956.7178082192,48.1178082191781,13869.9726027397,7193.7698630137,3.5653781463008,0.446338461534647,0.0895329059790911,0.356805555555556,0.120118089618578,62.7572359184356,17.0696527777778,1.92521019771545,0.0567226890756303,1.58358434282804,4.52107968187275,0.836294517807123,3.50737751685756,2.73814150660264,10.5906080818108,4.57780237094838,24153.016767448,2416.94902247611,18866.6850506378,4357.72369513453,1599.17969858657,25521.2839302812,23747.2087350839,93887.3741820375,6774.67271761063,1.01428571428571,0.828571428571429,0,25.4714285714286,0.142857142857143,1.88571428571429,0.4,9.84285714285714,12.8857142857143,26.3,10958.2988108395,953.120111917475,0,170015.543491247,372.906384506488,7432.16942050941,244006.912804161,67126.5394359695,85889.9140518249,170968.663603164,0,0,0,0.342857142857143,0,9.1622641509434,0.780592991913747,1.85714285714286,11.0194070080863,0.342857142857143,0,0,0,1900.13155239566,0,20704.2643968467,103571.558508469,5669.05425978811,26373.3186566348,1900.13155239566,9.13888888888889,13024.69729371,0.00512820512820513,0.727941176470588,0.652173913043478,4.19574468085106,0.0358974358974359,1.56382079459003,0.0833333333333333,3.03239742256563,4.2316421167485,11.8490756453941,907.83041837283,393.142852770372,6338.52606179484,51.2798856169292,853.312736708401,54.3939928476448,2220.52907634464,6389.80594741177,233710.85,735733.6678,1156405.4183688,45339.8293,749147.9352,147006.17,378456.97,4681.96,129677.59,6876164.64,4595727.49337849,18785712.4433084,23859207.5317609,1038193.22490457,6396562.46564689,608.796296296296,1336.89458689459,132.181861348528,11.0507862359453
1988,5979.62841530055,15258.849726776,161.469945355191,13339.1256830601,7861.41803278689,6029.56830601093,15342.8415300546,161.469945355191,13375.4371584699,7975.5218579235,2.96498486088689,0.427305216308313,0.0716802163083134,0.355625,0.128239341409379,53.5316851095161,16.8984881633565,3.3688183606776,0.0370915032679739,0.766542867146859,8.14435774309724,0.518148926237161,1.2869015482067,1.79126442243564,7.73167612470396,8.18144924636521,26722.6142637231,1377.83437559877,8544.24481793513,12961.3870318183,1374.48666368635,9435.29641470869,19036.5627409008,65113.204900954,14339.2214074171,1.61428571428571,0.971428571428571,0.0142857142857143,9.38571428571429,0.3,0.528571428571429,0.7,2.25714285714286,4.71428571428571,10.3571428571429,7716.64683597899,886.948488396973,82.9863552343717,63187.7466181369,698.920728989083,3060.81577158101,192880.199780761,16120.8793262457,27680.2490180292,64074.6951065339,0.0142857142857143,0.1,0,0.357142857142857,0.0714285714285714,3.74342857142857,0.470857142857143,0.685714285714286,4.51485714285714,0.457142857142857,175.307583796481,61.6835318238276,0,2283.91723809662,155.653086068649,9847.52352676426,52141.0176023761,2966.76769812495,13145.2518947543,2345.60076992045,4.16666666666667,8532.14819683683,0.175298804780877,0.602484472049689,0.149019607843137,0.625,0.0205761316872428,1.22774869109948,0,2.15455157577318,0.645576131687243,418.43146097427,673.572754099176,251.941152544946,1730.56108109532,32.2770862020398,404.124369356981,0,1748.06973697537,1762.83816729736,19179.14,357833.07983,613540.61516671,23879.2309,464817.905,23841.31,226829.28,3577.81,99976.5,4819751.51,453710.939332491,8893727.8040171,12658703.1104331,546787.584317436,4018754.19691823,519.59706959707,1620.51282051282,35.1953601953602,3.85770728236015
1989,8866.47397260274,19838.8082191781,61.8054794520548,17952.4931506849,9563.48493150685,9052.52876712329,18820.8465753425,62.0712328767123,16990.1095890411,8523.74794520548,2.71624282114015,0.375464473054126,0.0750478063874594,0.300416666666667,0.11536512370397,56.8943051776349,16.4831944444444,3.88604896504056,0.00930372148859544,0.296542253264942,3.17166866746699,0.928400451089527,1.21008950200127,1.0936265415257,7.414707712922,3.18097238895558,36412.078966632,300.503210409563,2959.8677308495,8765.21644987397,2814.83215640862,8624.82153071473,8951.61798915455,59763.2183737594,9065.71966028353,1.12,0.58,0,7.2,0.22,1.2,0.52,0.98,3.52,7.78,6491.82727131479,435.7786716532,0,56496.3865712433,666.255287201152,2430.12076784911,64650.9822748438,8240.71077777309,17828.9141041381,56932.1652428965,0,0,0,0,0,8.892,0.508,0.3,9.192,0,0,0,0,0,0,18290.7999063154,43196.6878340392,795.281458301963,19086.0813646174,0,9.29097222222222,13913.4859093591,0.0522388059701493,0.744897959183673,0.402366863905325,0.481081081081081,0.0149253731343284,1.13370998116761,0,2.33321361022676,0.496006454215409,52.9657925307729,677.705656493303,161.039542883783,1081.92864157247,28.2478143201679,728.417918711231,0,1620.12891061909,1110.17645589264,39819.926,1305536.63109,723488.152810342,19604.9187,288491.651,49649.71,856098.52,3365.27,56575.41,2870678.24,926937.635961798,33003897.4844418,14927164.5657121,448914.212589348,3012473.21436769,686.118479221927,958.222811671088,7.29442970822281,0.807443624478769
1990,5341.16164383562,13538.0931506849,28.6712328767123,12108.5753424658,6722.24109589041,5379.31506849315,15173.5589041096,28.7835616438356,13646.7123287671,8286.57534246575,1.68971662499058,0.491552834994337,0.089538946105448,0.402013888888889,0.149273023441823,67.3414444274422,16.7020138888889,8.78262759649314,0,2.89755902360944,15.7430672268908,1.03610444177671,3.23542087289461,0.527676070428171,16.4793880052021,15.7430672268908,62752.0758841569,0,25591.2020994543,44390.2329275554,2038.92217766508,27295.9807710704,3782.07767657886,121460.258608926,44390.2329275554,2.94285714285714,0.171428571428571,0,3.65714285714286,0.371428571428571,0.585714285714286,0.8,0.257142857142857,4.15714285714286,3.82857142857143,15861.7847835353,130.19096680742,0,30181.6664838597,584.966822886017,1543.52427221027,224088.046603515,2040.34297076885,20030.6188494005,30311.8574506672,0,0.0285714285714286,0,0,0.1,4.84057142857143,0.859428571428571,0.0714285714285714,5.012,0.0285714285714286,0,12.1414016063285,0,0,134.545877111847,13856.7461688347,72389.180803681,307.624057626671,14298.9161035732,12.1414016063285,5.68888888888889,6102.18973184423,0.0104712041884817,0.462121212121212,0.0157068062827225,0.430894308943089,0.0104712041884817,1.39869281045752,0.0208333333333333,1.90782536638327,0.441365513131571,16.9124572821299,243.906145061537,7.69707901398466,940.67500137118,6.67169702086419,627.092214286273,14.401518355803,910.009413999728,947.346698392044,8104.688,939242.24821,380033.560125708,34356.4364,398049.4552,9203.09,597971.61,2096.99,152598.22,3853211.35,163078.232029572,23740958.8998797,7840934.87979616,786695.054944656,4302072.36199972,1442.67399267399,761.904761904762,32.6007326007326,3.95356246048766
1991,6059.78904109589,11729.3452054795,107.898630136986,10415.4794520548,4557.70684931507,5959.87945205479,11780.3315068493,105.178082191781,10459.7260273973,4643.41369863014,2.00053128608375,0.599319759683698,0.106125315239254,0.493194444444444,0.146357330282115,63.125,16.1440972222222,5.47363945578231,0.0313625450180072,1.58386854741897,49.1512605042017,1.96328031212485,2.04026022996611,0.268477390956383,11.3295259362486,49.1826230492197,46735.9035529871,2725.44127540908,14018.2890739719,142687.80300983,4253.70251740994,17445.3574780267,2075.74638565151,84528.9990080471,145413.244285239,1.07142857142857,0.214285714285714,0,3.9,0.157142857142857,0.871428571428571,0.985714285714286,0.471428571428571,2.57142857142857,4.11428571428571,12317.766361663,206.87053136066,0,27936.9035389792,412.064405904205,4009.59649657015,276331.197911317,3350.26778192626,20089.6950460636,28143.7740703399,0,0,0,0,0,5.26228571428571,0.694857142857143,0.128571428571429,5.39085714285714,0,0,0,0,0,0,17499.7297509735,42853.3620763838,851.652307561242,18351.3820585348,0,10.2037037037037,13379.7546388136,0.0655737704918033,1.1323155216285,0.0413223140495868,0.488165680473373,0.0413223140495868,1.00772797527048,0,2.24693958144037,0.52948799452296,205.982360008194,647.468210302031,11.1262961224245,990.865088264256,36.4199985963906,517.187666694826,0,1381.76453312747,1027.28508686065,11910.868,742509.99494,556173.715073428,26049.3658,285217.6756,7981,589424.25,2343.54,99252.13,3198960.87,219970.469353711,18823159.0803346,11475096.7790911,596479.420063032,4977237.2803153,610.105580693816,937.594268476621,101.024384112619,10.6332445459971
1992,7473.60382513661,12546.5737704918,133.142076502732,11073.087431694,3985.40710382514,7081.34972677596,12543.6202185792,133.734972677596,11084.2349726776,4260.85792349727,2.5110448882476,0.553381740393386,0.0799634237956868,0.473418316597699,0.156596235058522,64.6111111111111,17.79625,4.30012004801921,0,3.19294717887155,81.7164915966386,0.478921568627451,3.22893839353923,0.170438175270108,11.3713653643276,81.7164915966386,31698.3731759827,0,32693.9055120038,115647.334509958,663.201577131678,33229.2716757539,1666.13808251284,99950.8900233849,115647.334509958,0.714285714285714,1.02857142857143,0.185714285714286,4.28571428571429,0.4,3.38571428571429,0.714285714285714,0.214285714285714,4.9,5.31428571428571,4073.94002022695,550.456835029199,613.740482060546,15563.1983728939,543.010771706088,8705.67621041158,223320.918783766,2276.99837397758,16213.3658583827,16113.6552079231,0.0428571428571429,0.0142857142857143,0,0,0.0571428571428571,4.49878419452888,0.758358662613982,0.1,4.69878419452888,0.0142857142857143,651.775197058347,5.82705062737813,0,0,37.7795690516146,10720.5930710785,44273.6267045246,139.98652878463,11550.134365973,5.82705062737813,16.825,21138.1642616519,0.106837606837607,0.556338028169014,0.0448430493273543,2.08827785817656,0.00900900900900901,1.39982347749338,1.48736462093863,3.59520678276598,2.09728686718556,89.3658681799936,268.514964204503,52.3851493014161,1085.53635788051,8.10527712541768,727.785877103011,892.410035169446,2030.46189395837,1093.64163500593,103865.768,869710.61734,143493.249129476,69082.0003,183683.7036,85501.96,489959.52,403.87,311911.33,1560491.17,2222633.9754984,21998113.4002941,2960583.8540744,1581842.40614941,1032943.75204205,494.65811965812,1172.36467236467,71.4476495726496,7.02409713117424
1993,26705.7643835616,35628.4931506849,2631.4,28866.5753424658,8350.07123287671,26308.6904109589,33517.9452054795,2633.1698630137,27116.5753424658,6658.09315068493,3.96044650497292,0.448453542706713,0.0784259867132487,0.370027555993464,0.0666134311732484,57.25,16.8689583333333,12.9206232492997,0.00840336134453781,8.45167567026811,7.21488595438175,2.8797218887555,3.75786860198625,1.68397358943577,29.6938629997453,7.22328931572629,63034.4628958673,459.697008177878,52462.3456092256,12905.1499135673,3751.82624405386,27718.8098675845,5557.8121249353,152525.256741667,13364.8469217452,3.25714285714286,0.0571428571428571,3.95714285714286,3.47142857142857,0.414285714285714,11.3802857142857,0.819714285714286,1.85714285714286,20.866,3.52857142857143,11854.0848187641,94.3618906432859,9860.67442322473,15530.2440723981,468.230413355255,22658.7407016071,101420.565957941,2286.2223364838,47127.952693435,15624.6059630414,0.1,0,0.0142857142857143,0,0.185714285714286,7.968,0.617714285714286,0.3,8.568,0,629.25566590437,0,1.55041309479907,0,115.674061662239,23729.5869794215,40950.3251484758,488.366358362574,24964.4334784455,0,4.15516666666667,5865.61266429136,0.587591240875912,1.29862475442043,0.134529147982063,0.277777777777778,0,2.06431852986217,0.0412844036697248,4.12634807681031,0.277777777777778,409.01338161044,584.518051581324,45.8400334659643,507.639136541938,0,852.176686549539,26.9232619840625,1918.47141519133,507.639136541938,98234.762,932432.22344,399086.105273017,27767.4663,173917.6536,67230.4,816865.87,1370.4,54270.73,1222109,1865426.07548887,23623396.3990438,8234031.12567773,635820.554036052,2736347.84357365,1095.79772079772,337.428774928775,113.440764482431,10.2304812678362
1994,7696.92602739726,14013.1890410959,42.9972602739726,12102.7397260274,5000.2602739726,8256.72054794521,15284.6712328767,42.6383561643836,13126.6301369863,5784.9698630137,1.34330369839086,0.547308428476632,0.102100095143299,0.445208333333333,0.0904349858576738,70.875,16.0264583333333,2.63793017206883,0.0178571428571429,2.61441076430572,16.0511704681873,0.295028011204482,2.21173537596857,0.756042416966787,8.51514674051439,16.0690276110444,29357.6145693562,39.2401486511657,31631.8896683457,60638.3996390483,513.342805603618,25516.3089523182,8246.38088727706,95265.5368829008,60677.6397876995,0,1,0,3.9,0.1,0.2,0.3,0.9,1.2,4.9,0,1023.92083763148,0,10751.1327386108,229.171610717896,2052.54576861361,73300.3219809753,4793.80686403055,7075.52424336206,11775.0535762423,0.285714285714286,0.0142857142857143,0,0,0.285714285714286,5.17542857142857,0.453142857142857,0.0428571428571429,5.78971428571429,0.0142857142857143,1344.26855958585,7.56780069775438,0,0,303.620029108319,19799.0556620983,59679.0088064345,249.753983424598,21696.698234217,7.56780069775438,19.3805555555556,25510.7396603471,0.0285714285714286,1.66304347826087,0.0604982206405694,0.36950146627566,0.041958041958042,1.27624784853701,0.0213523131672598,3.04971328917713,0.411459508233702,71.6147412479565,783.580917194024,59.5841425965071,615.743650991756,63.6151057371542,730.927147472818,17.4584046640207,1663.16535317533,679.35875672891,21236.268,314049.95024,92283.0688540306,94450.18148,16149.2764,11033.31,999845.75,735.07,45904.71,157554.57,384517.282815741,7977509.60495723,1904004.3020223,2382469.56871142,298351.889028424,316.239316239316,769.230769230769,279.424857549858,23.4276064645981
1995,60214.2493150685,67501.1863013699,15300.1232876712,39782.4657534247,7042.82739726027,57737.3698630137,65329.5698630137,15215.2410958904,38329.2602739726,7186.33698630137,1.61930256890964,0.354050267472697,0.0601644515850799,0.293885815887617,0.0564356096303344,46.1212041896972,16.388652284628,16.2894957983193,0.38655462184874,3.75231592637055,4.47689075630252,2.19121648659464,1.2892452173177,8.61889755902361,32.1411709876258,4.86344537815126,57423.2066807762,1448.36702642681,15516.4444333748,8000.71385083185,3069.53656851883,8280.89460569253,14243.8984021992,98533.9806905615,9449.08087725866,1.70666666666667,0.0166666666666667,0.1,1.03333333333333,0.333333333333333,1.5,0.823333333333333,5.61666666666667,9.25666666666667,1.05,6585.3078501522,29.1160399450713,177.988299372746,5433.42696859877,761.609542049711,5043.85153676323,106977.490654664,8576.6554320546,21145.4126603925,5462.54300854385,0.24,0,0,0,0.166666666666667,9.49233333333333,1.10766666666667,0.716666666666667,10.6156666666667,0,2035.12313978144,0,0,0,77.9149806551001,17063.0928674152,70380.0027394841,863.721401483142,20039.8523893349,0,13.6416666666667,15299.5361470989,0.686792452830189,0.797356828193833,0.940726577437858,0.0314285714285714,0.0143266475644699,2.68991282689913,0.419431279620853,5.53421996498186,0.0457552189930413,686.177439208439,477.936248820321,339.548373453253,93.9581082109298,14.9696425510332,483.533036483632,1134.59056744209,3121.78566540774,108.927750761963,27675.328,309790.72203,42339.5153030279,53966.8442,216396.9296,20656.97,524012.08,437.21,18687.84,1523871.7,510574.261736646,7731014.68075894,873558.067406893,1346336.61827825,3955167.7367704,552.564102564103,170.512820512821,162.332112332112,17.2051544620502
1996,39485.8469945355,48263.349726776,5455.45901639344,34079.5081967213,8289.8825136612,35107.1202185792,43314.543715847,4704.00273224044,31098.9071038251,7436.66120218579,1.32240687852102,0.405252269737926,0.0807880343825175,0.324464235355408,0.0578203769809987,52.2384713636333,16.7929308494457,10.4044476881662,0.078781512605042,2.44547000618429,21.5609243697479,0.476781621739605,0.836152457777983,0.941001400560224,15.1038531744283,21.6397058823529,50917.1323625225,321.460028213585,14603.0867323432,89939.3191800823,963.611854690668,7373.8210904528,7432.49498353598,81290.1470235452,90260.7792082959,2.8,0.2,0.514285714285714,0.571428571428571,0.385714285714286,0.728571428571429,1.02857142857143,5.01428571428571,9.44285714285714,0.771428571428571,8963.89420129947,102.494677620343,1989.06306016479,5521.04915346241,1016.56628426132,4305.86794889622,384707.055361175,43050.1812623479,59325.5727569697,5623.54383108276,0.0285714285714286,0,0.0142857142857143,0,0.528571428571429,3,0.557142857142857,0.2,3.77142857142857,0,277.792120985088,0,133.428794518403,0,388.745882324511,6568.39549164018,36247.7277517318,1048.63261999947,8416.99490946765,0,27.7638888888889,34587.7322200311,0.510204081632653,1.28130671506352,1.5049504950495,0.050561797752809,0,1.12672811059908,0.27,4.69318940234476,0.050561797752809,358.862184931556,612.58688094934,184.916141757182,101.919348860635,0,407.804197866653,372.64399641307,1936.8134019178,101.919348860635,14179.434,364255.73807,64924.7891173327,53231.8028,163154.863,10416.22,645319.99,872.9,16258.85,1196747.52,251004.020495303,9102476.63419608,1339542.33774805,1334467.91434897,2292706.62186735,591.911764705882,191.742081447964,58.081165158371,5.21012372962944
1997,41503.1123287671,49989.3205479452,12749.7123287671,25818.7671232877,7241.1698630137,47426.6054794521,55540.8520547945,13527.6657534247,29027.0410958904,7123.80273972603,1.37351225739553,0.471341895396259,0.083453662857149,0.38788823253911,0.0661817420004873,52.5007520297817,17.5601161477509,6.24734893957583,0.00840336134453781,9.88956082432973,5.09513805522209,1.03608943577431,1.2794101615005,0.875040016006403,19.3274493771868,5.10354141656663,40927.8433167575,316.716767692603,60639.9834976418,7376.08387389471,1591.06366847503,10053.3291170858,3370.88219029331,116583.101790253,7692.80064158732,2.42857142857143,0.328571428571429,4.04285714285714,3.1,1.21428571428571,3.02857142857143,0.914285714285714,3.27142857142857,13.9857142857143,3.42857142857143,15145.8355472145,174.07263728844,19889.9046240765,20406.4256158963,1201.8491650433,11547.1399165662,147462.760774401,25855.6339442222,73640.3631971228,20580.4982531847,0,0,0.114285714285714,0,0.0857142857142857,3.20171428571429,0.426857142857143,0.357142857142857,3.75885714285714,0,0,0,975.064375121538,0,53.5939720311472,15431.0732984502,31033.1986046685,2909.03798081862,19368.7696264215,0,17.7625,15967.3635734935,0.111111111111111,0.88715953307393,0.150326797385621,1.328125,0.00689655172413793,0.926966292134832,0.762162162162162,2.83772589586766,1.33502155172414,85.6625385068286,381.139352056135,138.677137995536,318.886835667059,3.35590475891863,483.409945165589,286.220710949654,1375.10968467374,322.242740425978,9085.806,516204.92099,134788.500731507,98068.52474,121571.3956,5270.34,1335748.12,1599.08,40438.35,889696.17,165858.536049382,12663163.8626656,2780985.5961971,2456051.42778624,1661812.1305287,667.735042735043,599.358974358974,147.803151709402,15.8766870452705
1998,63611.2465753425,69721.2520547945,11641.8794520548,42799.1780821918,5563.21369863014,59339.301369863,66317.5452054795,11624.6356164384,40077.7534246575,6641.75890410959,2.62972734437766,0.418160405141068,0.0590184509723393,0.359141954168728,0.0551506187312358,42.5353383836812,16.3066070570584,10.412850140056,0.0304621848739496,12.480487194878,0.564075630252101,0.982568027210884,3.01689217353608,10.8093737494998,37.7021712851807,0.59453781512605,38933.537642503,677.35883552587,44378.1589976016,2004.40179887868,1404.02638761863,18506.6606596964,28029.6960586662,131252.079746086,2681.76063440455,3.51428571428571,0,2.24285714285714,2.14285714285714,0.471428571428571,1.28571428571429,0.928571428571429,6,13.5142857142857,2.14285714285714,7647.91619280996,0,4791.45290691956,11207.2219624425,729.218326107672,3834.35831862133,117015.563691073,7884.75069723633,24887.6964416949,11207.2219624425,0.1,0,0.314285714285714,0,0.0857142857142857,3.254,0.603142857142857,0.957142857142857,4.71114285714286,0,287.608561292492,0,876.727935716646,0,64.0018438740334,8790.82458348767,28167.108642453,2353.34048264742,12372.5034070183,0,12.3294444444444,14807.9427851409,0.676635514018692,0.654205607476635,0.369767441860465,0.0202312138728324,0,1.28007518796992,0.644927536231884,3.6256112875576,0.0202312138728324,336.410414186536,444.576899313268,224.220788343514,53.6382641123205,0,315.872413742404,501.768708906982,1822.8492244927,53.6382641123205,32227.304,642546.92577,105392.758091189,42964.1071,173906.2914,24619.85,894893.62,2349.64,41462.41,1226424.53,575696.266733865,15948111.1740276,2174486.25516591,1015607.34808299,3268539.69444387,1138.88888888889,212.606837606838,215.489227207977,20.670792385317
1999,26233.7315068493,35147.8328767123,2191.24383561644,26839.1780821918,7485.19178082192,31169.3424657534,39181.8246575342,2250.51780821918,30070.9589041096,6730.77260273973,2.1991053971712,0.43542177359727,0.083330571440225,0.352091202157045,0.0545251108368483,51.0746241098344,15.1434822637245,1.78790516206483,0.0164815926370548,3.01483593437375,5.31947779111645,3.01926270508203,1.36208900226757,6.34891956782713,15.5330123716153,5.3359593837535,8956.38533440909,77.9737145992228,11176.0268038283,15844.1827141758,4696.5668400647,12621.2582633454,10050.0056820984,47500.2429237458,15922.156428775,1.11428571428571,0.0571428571428571,0.0285714285714286,3.05714285714286,0.871428571428571,0.628571428571429,1.58571428571429,16.9571428571429,19.6,3.11428571428571,8403.10920149255,11.5953740482576,219.586343039358,19576.742899176,1213.72872678102,2408.70658177076,326455.678262514,35521.7295615794,47766.8604146631,19588.3382732243,0.0428571428571429,0,0,0,0.3,3.84714285714286,1.18142857142857,3.98571428571429,8.17571428571429,0,314.446234980234,0,0,0,279.496701789786,19848.0843269544,83656.3885959087,5188.79031283651,25630.817576561,0,18.08,18077.4685339171,0.0655021834061135,1.25177809388336,1.14316239316239,0.118143459915612,0,0.964630225080386,0.156118143459916,3.58119103899217,0.118143459915612,159.333574787356,692.407064359047,600.236489727029,111.614687129458,0,358.055934197163,102.311639250688,1912.34470232128,111.614687129458,18755.746,663318.322,260429.438543179,39003.89816,196530.4194,12550.37,1848538.1,2305.8,15922.51,1524201.43,298767.585203102,16570768.7208021,5373236.68921104,959787.38525637,3395229.73494058,747.195512820513,670.005341880342,184.784544159544,16.3552822781624
2000,24628.3825136612,34448.9726775956,4073.25956284153,24859.8360655738,8941.5218579235,25052.6393442623,34774.9316939891,4079.34426229508,25290.4371584699,8750.08743169399,3.41777777777778,0.439444444444444,0.0868055555555556,0.352638888888889,0.0644444444444444,51.9354447195407,16.5225112443835,1.8515456182473,0.00720288115246098,0.725640256102441,2.49414765906363,1.98952581032413,0.832465031467132,5.71065926370548,11.1098359798465,2.50135054021609,11170.8726778556,29.2557102116865,7267.93548886429,9543.18739092597,2612.52743642799,5624.34010042002,12403.1362801274,39078.8119836953,9572.44310113765,3.21428571428571,0.214285714285714,0.5,3.32857142857143,0.585714285714286,1.87142857142857,0.685714285714286,6.35714285714286,12.5285714285714,3.54285714285714,27017.8488977926,660.127356383549,6850.46725830046,14770.0235942017,1062.81326741295,12057.3733041645,137782.494581408,30945.2487029204,77933.7514305909,15430.1509505853,0.1,0,0,0,0.171428571428571,3.34914285714286,0.293714285714286,0.742857142857143,4.36342857142857,0,726.861859779633,0,0,0,196.747618428017,10926.1301440798,27366.5633568588,1514.59437066126,13364.3339929487,0,19.9766666666667,20347.8191198808,0.3125,1.08815426997245,1.7072,0.0924657534246575,0.00709219858156028,1.48761904761905,0.028169014084507,4.62364233167601,0.0995579520062178,296.373953636987,521.460445074579,495.699513845472,399.793273070678,6.84251858071821,615.134402320237,37.6151544776555,1966.28346935493,406.635791651396,13318.99,519413.90058,306824.608778985,30684.48952,77696.4974,8629.56,1492525.25,2796.31,8069.69,494504.03,220330.564077622,13014409.029104,6330471.90926812,762339.86978175,1258250.16580479,425.614316239316,459.001068376068,201.455662393162,18.1920272156221
2001,11385.3424657534,18868.8767123288,662.783561643836,15411.5342465753,6578.20547945205,9632.54246575342,17939.8246575342,506,14527.2328767123,7067.4301369863,2.1325,0.577916666666667,0.106527777777778,0.471388888888889,0.0748611111111111,52.2833333333333,16.626986944082,2.01394057623049,0.375665266106443,7.2405912364946,5.19417767106843,1.84928471388555,1.7039257748554,0.446603641456583,13.2543459429226,5.56984293717487,10112.6214812636,1724.61383340404,27364.5371190888,16134.1472305043,2876.3085943173,12428.4048550973,4721.27167565581,57503.1437254228,17858.7610639084,1.4,0.557142857142857,2.91428571428571,2.02857142857143,0.157142857142857,3.34285714285714,0.371428571428571,1.35714285714286,9.17142857142857,2.58571428571429,10795.5141883331,448.785647708284,7206.9266550685,13901.4273125472,564.24885732172,12375.3610679092,165252.07477688,7622.4749274983,38564.5256961308,14350.2129602554,0.471428571428571,0.0142857142857143,0,0,0.0428571428571429,2.95714285714286,0.414285714285714,0.471428571428571,3.94285714285714,0.0142857142857143,1331.71675396668,3.97448345707337,0,0,29.2141559903564,8102.93741040003,34820.9517500436,1035.63232271111,10499.5006430682,3.97448345707337,42.0527777777778,62484.7872248576,0.112781954887218,0.904059040590406,0.201413427561837,0.225694444444444,0,1.29827089337176,0.688311688311688,3.20483700472291,0.225694444444444,119.732052163125,380.813214116327,47.5286877894796,95.8184662930367,0,353.158616539184,234.70412648875,1135.93669709687,95.8184662930367,12762.75,377256.41441,127935.125954156,88214.08846,38193.6792,6421.02,1663182.7,908.01,71934.05,321026.5,224357.174910553,9420478.06357762,2639585.28060848,2203242.08081827,472574.772494748,222.355769230769,1014.82371794872,163.55056980057,13.4965148070194
2002,12970.1287671233,21878.5315068493,1049.58630136986,18333.6712328767,7590.38356164384,12696.2493150685,21646.2849315068,978.353424657534,18101.397260274,7698.37534246575,2.30402870559171,0.508511123173468,0.0940729162443323,0.414438206929136,0.0687967361380914,53.1416708742741,16.5950124245032,4.20301120448179,0.187640056022409,1.55076030412165,0.634603841536615,0.392311924769908,0.240553091866117,1.70709783913565,8.09373436437512,0.822243897559024,28658.3808164903,651.977940827852,8856.80906127016,2091.41064939392,756.237525453056,2269.00722800756,5232.29188558991,45772.726516811,2743.38859022177,1.28571428571429,0.771428571428571,0.771428571428571,1.88571428571429,0.128571428571429,1,0.5,0.857142857142857,4.04285714285714,2.65714285714286,9420.45152032841,1381.46986599935,1587.31677673341,9474.37083366495,487.516524212053,10349.3377487122,177951.622209791,7087.72133311551,28932.3439031016,10855.8406996643,0.0571428571428571,0.1,0,0,0.257142857142857,0.814285714285714,0.242857142857143,0.771428571428571,1.9,0.1,521.606213749979,30.150586182083,0,0,285.552665845461,5522.55161121102,22624.2490516705,1164.29528839841,7494.00577920486,30.150586182083,30.4461111111111,42233.5855934254,0.0123839009287926,0.80695652173913,0.88,0.159420289855072,0.0185185185185185,0.548458149779736,0.91,3.15779857244766,0.177938808373591,1.17569889658559,430.312989471712,162.859725595714,41.1923783043187,5.12396452406048,103.110779646668,69.8411624819269,767.300356092607,46.3163428283792,11092.532,500759.93013,147285.575099774,88089.57656,51117.9678,10968.44,2188257.08,1276.89,50952.84,385727.03,226404.114563045,12547480.8232873,3038827.94642834,2219311.47999229,845691.109425162,346.428571428571,1211.53846153846,240.052655677656,19.6415521367365
2003,18961.4465753425,29357.0684931507,1433.90684931507,25321.7808219178,9036.58356164384,19438.2136986301,29456.6849315069,1549.77808219178,25283.4246575342,8734.29315068493,2.0475,0.396527777777778,0.0813888888888889,0.315138888888889,0.0572222222222222,66.401445625494,16.6713888888889,20.680887354942,0.086078181272509,2.42554521808723,1.34161164465786,0.62547018807523,0.2850995264073,0.856753951580632,24.8737562390924,1.42768982593037,104364.68935505,311.606282338795,26160.5360770085,4972.41799296995,822.647796180821,3127.04005962121,4941.22287416472,139416.136162025,5284.02427530875,6.45714285714286,0.0714285714285714,0.557142857142857,0.457142857142857,0.257142857142857,0.542857142857143,0.242857142857143,0.314285714285714,8.12857142857143,0.528571428571429,19466.787572909,127.710001025227,2262.79998223057,2105.81711870601,651.340416324747,3857.60355982369,41828.3544784696,1539.70392850454,27778.2354597925,2233.52711973124,0.0285714285714286,0,0,0,0.0428571428571429,2.3,0.228571428571429,0.271428571428571,2.64285714285714,0,38.7957391495055,0,0,0,25.1868710689119,8344.80733399698,30449.7385373385,691.059168991026,9099.84911320642,0,38.4833333333333,42536.4776848408,0.605357142857143,0.564273789649416,0.19910514541387,0.0692124105011933,0.00987654320987654,1.80882352941176,0.0583941605839416,3.23595376791614,0.0790889537110699,537.270012040817,366.72539287914,78.7391429165356,25.9903761056849,1.41445118964321,310.004550557584,22.0975674344362,1314.83666582851,27.4048272953281,25111.02,484340.16735,119357.773516969,74788.99638,78880.3962,25039.64,1730425.37,1208.51,61444.03,631342.81,465394.448749078,12105528.6947964,2462615.48383896,1874471.73774369,1191430.98916703,297.75641025641,1255.60897435897,368.349358974359,34.4722473384814
2004,19992.4945355191,29558.4808743169,4212.83879781421,22863.1147540984,8435.1912568306,20594.8524590164,30406.7513661202,4308.30601092896,23594.3989071038,8464.54371584699,1.73579043607872,0.460833333333333,0.0923611111111111,0.368472222222222,0.0655555555555556,58.5277777777778,16.76875,2.44359618847539,0.0222776610644258,1.63561424569828,0.420561974789916,0.220441926770708,0.172286073520317,0.478448879551821,4.95038731401652,0.442839635854342,12801.0974205212,86.7861152072232,6438.65364125001,1914.49055797307,408.606697067456,1988.14561917942,2135.12377893029,23771.6271569484,2001.27667318029,0.928571428571429,0.385714285714286,0.185714285714286,1.24285714285714,0.885714285714286,0.628571428571429,0.457142857142857,1.11428571428571,3.74285714285714,1.62857142857143,9297.07173100337,350.809887226615,605.427644154739,8178.72363583037,1263.12667014698,4812.80480553098,79640.0649544023,5232.60451990355,21211.0353707396,8529.53352305699,0.0571428571428571,0.1,0.0142857142857143,0,0.0142857142857143,0.771428571428571,0.642857142857143,0.471428571428571,1.32857142857143,0.1,407.102793128572,40.6054827414319,55.0859271472217,0,4.68249063742632,5489.32743603174,34810.7580983032,951.134126818968,6907.33277376393,40.6054827414319,47.1005555555556,56381.7988051127,0.0226130653266332,0.392931392931393,0.269396551724138,0.0175438596491228,0.0175438596491228,0.357429718875502,0.257918552036199,1.30028928089387,0.0350877192982456,21.6873006664719,183.435982379148,61.0393433371746,24.2063985582399,8.90377957474274,144.091925992382,48.148760625539,458.403313000716,33.1101781329826,20151.824,480587.7215,118470.670828174,108293.72688,67275.286,14317.56,1609379.39,639.78,89887.25,474868.81,313002.021779216,12024634.7213603,2444312.58866245,2711215.98112222,1038641.2507508,241.185897435897,1080.52884615385,142.928685897436,9.77798137830232
2005,23419.4876712329,34010.6520547945,1861.78356164384,24854.2465753425,9593.19178082192,21323.1287671233,30964.504109589,981.93698630137,23131.7808219178,8936.40821917808,1.72263888888889,0.473472222222222,0.0890277777777778,0.384444444444444,0.0615277777777778,72.0555555555556,16.6938888888889,3.36961784713886,0.821428571428572,1.07786614645858,1.12785114045618,0.0818577430972389,0.297685740963052,0.214045618247299,5.04107309590503,1.94927971188475,14784.1217965257,4250.40755108159,5223.59975139809,7038.02557028965,136.124019322236,2248.16351317343,1389.33861781832,23781.3476982378,11288.4331213712,7.92857142857143,0.114285714285714,0.457142857142857,0.114285714285714,0.2,0.628571428571429,0.257142857142857,0.5,9.71428571428572,0.228571428571429,19631.7643506059,397.856059165162,2366.43708223488,419.41517285796,343.186580522332,2292.1841776585,48483.8176856423,3370.68031889972,28004.2525099213,817.271232023122,0.471428571428571,0,0,0,0.0142857142857143,3.1,0.4,0.0714285714285714,3.65714285714286,0,887.626616858929,0,0,0,6.68555145650689,8955.99487732491,38937.0560164765,230.651077953208,10080.9581235936,0,61.53,71857.8529098735,0.232018561484919,0.267857142857143,0.102244389027431,0.0440414507772021,0,0.748006379585327,0.0157068062827225,1.36583327923754,0.0440414507772021,86.4407138285352,205.157094185395,77.5060605547082,5.51850223134146,0,294.235719022514,10.4218925641947,673.761480155347,5.51850223134146,6987.804,414235.5949,79098.3894257699,72220.82502,37463.8532,5549.11,1336345.51,682.3,78837.93,315140.85,112944.275825578,10324505.2033236,1631975.13498299,1800122.1474764,644352.435845888,498.397435897436,1115.11752136752,178.418803418803,13.3041782829148
2006,54503.1095890411,64121.7780821918,14583.7780821918,36238.5479452055,8681.94794520548,57397.1095890411,66967.5726027397,15472.8876712329,38112.0547945205,8722.43835616438,1.98791666666667,0.351666666666667,0.0630555555555556,0.288611111111111,0.0470833333333333,62.75,16.8444444444444,5.83648959583834,0.244747899159664,4.03840036014406,0.910714285714286,0.12436974789916,1.02787239895958,1.14672869147659,12.1738607943177,1.15546218487395,25979.9380000927,790.867733598023,11739.5061420603,4394.82618965869,149.635534197801,6662.58678936447,1820.83582554377,46352.5022912591,5185.69392325672,5.02857142857143,0.0428571428571429,3.2,9.84285714285714,0.0571428571428571,1.61428571428571,0.414285714285714,0.342857142857143,10.2428571428571,9.88571428571429,16551.1679846557,108.869412971572,10161.2449002883,49670.5805969638,272.086344351965,8874.78767618922,51727.5496585269,855.852902959187,36715.1398084444,49779.4500099354,0.0142857142857143,0,0.0285714285714286,0,0.1,7.36628571428571,0.490857142857143,0.242857142857143,7.752,0,483.194559228172,0,231.434960740974,0,79.6584931815357,20159.1359223705,26316.6971737004,233.47149728085,21186.895432802,0,140.436666666667,121249.628095626,0.246411483253589,0.186567164179104,0.295508274231678,0.0107816711590297,0,1.30989272943981,0.246411483253589,2.28479113435777,0.0107816711590297,101.981843639787,62.5755441690005,95.0312459182573,1.16003612536413,0,305.992317166814,250.293717402183,815.874668296041,1.16003612536413,20795.096,530570.21682,89497.5716891433,89782.1556,115868.1776,21493.27,1656271.05,1117.72,55277.64,1161503.92,327540.0141543,13252086.8123682,1846533.32006346,2222346.30142538,2066871.83268658,935.363247863248,1814.63675213675,336.805555555556,32.928256322522
2007,8308.96164383562,17138.6794520548,339.147945205479,14466.8219178082,7171.35342465753,8567.80821917808,18228.8054794521,341.939726027397,15153.2876712329,8020.33698630137,1.63569444444444,0.567222222222222,0.09875,0.468472222222222,0.0584722222222222,75.4583333333333,16.2954166666667,1.53867547018808,0.023109243697479,0.692522008803521,2.43052220888355,0.104441776710684,0.287542517006803,0.0456482593037215,2.66883003201281,2.45363145258103,6984.37299896679,121.794797654695,3895.81548316476,7948.83370226061,230.611259506986,3047.84613401507,756.899453300468,14915.5453289541,8070.62849991531,0.691428571428571,0.417142857142857,0.831428571428571,1.28571428571429,0.257142857142857,0.877142857142857,0.434285714285714,0.291428571428571,2.94857142857143,1.70285714285714,5023.75107619372,349.744737403019,5782.30218375782,4778.93447356608,624.874594231323,11903.4027356452,60870.2284521945,2423.85985468834,25758.1904445164,5128.6792109691,0,0,0.0142857142857143,0,0,1.21428571428571,0.650549450549451,0.0571428571428571,1.28571428571429,0,0,0,165.121639017702,0,0,10730.803776275,31671.2208722565,403.212842115029,11299.1382574078,0,28.6333333333333,28392.55669386,0.010752688172043,0.137844611528822,0.010752688172043,0.0580474934036939,0,0.320754716981132,0.0241286863270777,0.504233391181118,0.0580474934036939,1.21154787166356,102.852658727205,2.44529420980504,36.9246049761414,0,81.3433342232371,2.3453841914082,190.198219223319,36.9246049761414,8550.754,357091.227054097,33439.3238860581,83718.9547,46178.6,6062.29,1519493.75,484.99,37637.53,342549,118101.483013274,8736493.31606058,689927.386750435,2114330.28256452,701695.632897644,472.889957264957,1379.94123931624,444.845085470086,37.655727813386
2008,9360.39617486339,15255.5901639344,579.565573770492,12687.2950819672,4441.88797814208,9283.44535519126,15900.2950819672,574.904371584699,13219.1530054645,5145.74316939891,2.18875,0.627083333333333,0.09125,0.535833333333333,0.0713888888888889,66.2777777777778,16.905,0.520763305322129,0.33577430972389,0.407227891156463,1.76947779111645,0.0730192076830732,0.602429721888756,0.194357743097239,1.79779786914766,2.10525210084034,3964.34356257181,1443.73078666947,2431.7770398886,5221.91087367797,133.85742520862,7490.22424972489,979.747770304969,14999.9500476989,6665.64166034743,1.025,1.18333333333333,0.0166666666666667,6.25,0.283333333333333,0.8,0.216666666666667,0.216666666666667,2.34166666666667,7.43333333333333,6308.3634420279,2577.55425050299,258.724041809058,21627.1789571687,600.477227288626,10117.0732294321,53269.9800050155,465.300467455901,17749.9384080136,24204.7332076716,0.25,0.05,0,0,0.0166666666666667,6.1,0.316666666666667,0.3,6.66666666666667,0.05,2381.44796681713,28.2930325197874,0,0,9.19822134681151,34917.6535105884,33866.1868883384,631.808969273653,37940.108668026,28.2930325197874,14.2188888888889,13256.4836214831,0.0024330900243309,0.181015452538631,1.04627249357326,0.418604651162791,0.732418524871355,0.651376146788991,0.0218978102189781,1.9029949931442,1.15102317603415,2.31108844095791,109.315706320782,179.735227104097,324.092909751925,419.34130517201,239.592393539809,11.7390996826519,542.693515088298,743.434214923936,7000.438,515122.854575551,199371.031330663,130019.67194,242224.7044,3945.55,2270088.12,1636.22,91539,2027744.54,120113.09931717,12758292.6714989,4113466.38192804,3272779.73012866,3961014.18475563,490.518162393162,3074.65277777778,278.846153846154,22.5362300018525
2009,9561.47671232877,16319.6136986301,436.41095890411,14036.0821917808,5401.94246575342,9450.17534246575,15915.4465753425,437.479452054795,13777.5616438356,5073.55068493151,1.65666666666667,0.485,0.0933333333333333,0.391666666666667,0.0673611111111111,81.2777777777778,16.5938888888889,1.18322328931573,0.0126050420168067,0.126965786314526,3.21728691476591,0.054171668667467,0.205555214510046,0.141791716686675,1.71170767549444,3.22989195678271,7001.83048654943,72.481744554555,942.125858844168,11830.7732604305,120.45962206093,2673.31081845269,1393.39462390431,12131.1214098115,11903.2550049851,1.21428571428571,0.442857142857143,0.242857142857143,2.6,0.114285714285714,0.5,0.2,0.328571428571429,2.4,3.04285714285714,5564.17150796032,233.953943417606,817.103252729532,9911.32688158884,257.677792221806,6100.85332483606,43432.6287404124,2408.94915682329,15148.755034571,10145.2808250064,0.128571428571429,0.0428571428571429,0.0142857142857143,0,0,1.88571428571429,0.514285714285714,0.0571428571428571,2.08571428571429,0.0428571428571429,800.175392005518,23.6485400721959,72.8133207967153,0,0,6100.38640668843,42490.9003090723,389.126600749597,7362.50172024026,23.6485400721959,172.397222222222,191891.780860972,0.032994923857868,0.120689655172414,0.394572025052192,0.622129436325679,0.0102827763496144,0.536862003780718,0.0127877237851662,1.09790633164836,0.632412212675293,20.8594201200257,92.2053788577217,124.715356094561,168.146147882543,13.4608655047624,274.173033751042,5.65304244952652,517.606231272876,181.607013387306,21723.528,363077.473212383,30458.5912242911,124465.52762,30941.5984,11224.48,1778610.61,412.92,75844.4,311288.38,331642.831531359,8891897.65735914,628428.263653869,3148798.73130751,442791.296400376,479.03311965812,3275.77457264957,270.276887464387,22.8030453720153
2010,17703.7561643836,26369.098630137,906.443835616438,21148.8493150685,7704.51506849315,14037.6328767123,21841.9095890411,800.01095890411,17648.1643835616,6593.41095890411,2.14847222222222,0.425555555555556,0.0791666666666667,0.346388888888889,0.0548611111111111,87.0277777777778,16.1244444444444,1.11488595438175,0.19327731092437,0.277125850340136,6.27821128451381,0.0930072028811525,0.0850427671068427,0.166236494597839,1.73629826930772,6.47148859543818,7043.68933339853,877.839842005044,1284.96340468766,28640.5949935738,227.523432560465,841.730250278329,643.267762236536,10041.1741831615,29518.4348355788,0.842857142857143,2.82857142857143,0.414285714285714,3.12857142857143,0.357142857142857,0.328571428571429,0.257142857142857,0.328571428571429,2.27142857142857,5.95714285714286,5239.15417991661,1538.12483523668,907.42693546872,13216.7660548512,522.18347479613,2183.66689501072,27162.839720361,2084.85762611487,10937.289111307,14754.8908900879,0.0142857142857143,0,0,0,0.0428571428571429,5.01428571428571,0.2,0,5.07142857142857,0,127.863324107035,0,0,0,31.2163541826333,10335.8009152648,20112.8061736951,0,10494.8805935544,0,53.4955555555556,52555.7959254708,0.0127877237851662,0.41407867494824,0.103194103194103,0.627962085308057,0.0678391959798995,0.893959731543624,0.00256410256410256,1.42658433603524,0.695801281287956,18.5318887494712,312.978681060804,21.8464277088198,159.075417491979,37.6076755128735,404.263903146092,10.8808861442355,768.501786809423,196.683093004853,16177.158,378891.055378255,154254.135195777,80129.79296,41832.0496,11009.24,1312772.41,1515.9,30809.95,370454.26,218617.460971144,9397226.79540529,3182604.79050662,2022956.29122538,781633.063545796,508.413461538462,1748.39743589744,476.451210826211,41.3134523994871
2011,34223.1561643836,44727.4,3505.69315068493,29348.2191780822,9043.18356164383,37191.7726027397,47443.8301369863,3615.36712328767,31547.2876712329,9224.8,2.41180555555556,0.310416666666667,0.0688888888888889,0.241527777777778,0.0430555555555556,91.5833333333333,15.80875,1.73312825130052,0.113445378151261,0.380142056822729,0.747899159663866,0.938195278111245,0.803962835134054,0.749159663865546,4.60458808523409,0.861344537815126,6789.42249732438,604.622736792134,2541.03962064688,4209.74695757434,1878.88400335899,5085.15555564924,3961.20875974544,20255.7104367249,4814.36969436647,1.66428571428571,0.271428571428571,0.0928571428571429,0.5,0.851785714285714,1.34821428571429,0.0964285714285714,0.428571428571429,4.38571428571429,0.771428571428571,6315.5174626722,336.342787637444,312.275647556998,1907.94577433033,783.498315956211,3479.59217490508,46812.3500228097,1418.86635174222,12309.7499528327,2244.28856196778,0.0785714285714286,0.0857142857142857,0,0,0.128571428571429,5.50178571428571,0.260714285714286,0.114285714285714,5.82321428571429,0.0857142857142857,956.504833349555,46.6607091399119,0,0,70.2062811187626,13103.706182835,23311.1400373829,671.601943361451,14802.0192406647,46.6607091399119,65.8277777777778,61462.3481774924,0.830075187969925,0.757009345794392,0.331838565022422,0.0332480818414322,0.0180412371134021,1.78009259259259,0.00775193798449612,3.70676762936383,0.0512893189548343,420.059587227692,277.460430335292,58.9643059418634,29.7998791845274,0.879274223113493,522.572542032358,12.5753102415611,1291.63217577877,30.6791534076409,25667.946,387602.240208414,30739.017920365,113519.09298,530699.496,22332.52,814734.54,663.28,52027.21,4390247.55,356197.979253847,9743689.58519476,634214.08809986,2865677.08769218,6462209.69975011,444.711538461539,557.959401709402,493.278133903134,39.7726363600698
2012,13955.9535519126,21590.9836065574,631.877049180328,18712.4863387978,6409.36885245902,11130.0519125683,19612.2240437158,319.05737704918,16634.043715847,6847.9262295082,2.37221494796447,0.452083333333333,0.0884722222222222,0.363611111111111,0.0563888888888889,89.1944444444444,16.8819444444444,0.868762505002001,0.2046818727491,0.0714885954381753,0.613145258103241,0.113085234093637,0.26937399959984,0.120018007202881,1.44272834133653,0.817827130852341,5073.98965746744,871.746873395904,393.123769112338,1231.76332522506,247.520286791509,3472.28154196352,1024.67511383475,10211.5903691695,2103.51019862096,2.1,0.485714285714286,0.0714285714285714,0.742857142857143,0.342857142857143,1.68571428571429,0.4,0.2,4.4,1.22857142857143,11593.0384339187,1446.61615885156,332.487590712901,4804.32568448593,862.642782282031,3872.62508934168,159333.733104224,1132.61830434391,17793.4122005992,6250.94184333749,0,0.0857142857142857,0,0,0.0285714285714286,1.78571428571429,0.185714285714286,0.0142857142857143,1.82857142857143,0.0857142857142857,0,34.3909934061271,0,0,48.1762673723719,9195.23318847678,24411.3276922507,402.012239655404,9645.42169550456,34.3909934061271,28.4472222222222,25532.5084944619,0.0246305418719212,0.245575221238938,0.307203389830508,0.645328719723183,0.00982800982800983,0.751824817518248,0.00493827160493827,1.33417224206455,0.655156729551193,12.638672586725,86.9956264284924,46.1416427495483,173.068656716965,17.9875114649557,458.409583188805,0.17235008945822,604.357875043028,191.056168181921,9138.47,477914.590691384,110091.998202201,95401.86588,86956.5112,6683.32,2468952.25,1203.39,46583.9,720090.87,138520.777796648,11679726.4424942,2271441.99687142,2410840.05024893,625330.772805508,262.419871794872,1213.80876068376,538.706374643875,45.5356193213641
2013,8897.67671232877,15718.8136986301,390.956164383562,13628.7945205479,4895.00821917808,12651.9424657534,20034.5643835616,697.769863013699,17390.8219178082,5898.78904109589,2.80833333333333,0.482222222222222,0.08875,0.393472222222222,0.07,80.7222222222222,16.4469444444444,0.70421168467387,0.0198079231692677,0.622959183673469,1.68052220888355,0.0549869947979192,0.157953181272509,0.202010804321729,1.7421218487395,1.70033013205282,5044.1414198336,103.73756128297,4464.91335263247,3860.1374317135,120.132432987279,2651.73710792261,1416.98805967777,13697.9123730537,3963.87499299647,1.7,0.842857142857143,1.22857142857143,3.08571428571429,0.5,0.285714285714286,0.342857142857143,0.342857142857143,4.05714285714286,3.92857142857143,8878.37148603604,566.166608498906,3972.99085149561,9072.07846296147,475.128352007522,1747.08616609983,119883.507916445,520.874059233788,15594.4509148728,9638.24507146038,0.0571428571428571,0,0.0142857142857143,0,0.0571428571428571,3.44285714285714,0.271428571428571,0.128571428571429,3.7,0,376.551565863297,0,98.0061662225703,0,39.7627941463697,16828.8396579628,23267.9807492376,96.0463663784952,17439.2065505735,0,56.1883333333333,51333.9887368525,0.0169902912621359,0.257019438444924,1.22379603399433,0.683229813664596,0.0593824228028504,0.375745526838966,0.121559633027523,1.99511092356788,0.742612236467447,24.0945747447319,163.82979908297,222.857544941895,199.777303506759,27.2730176957635,353.702996813128,7.08328360630502,771.568199189031,227.050321202522,21624.016,421534.255818748,116208.418267207,111645.80308,44578.8708,14171.78,2644388.85,1520.06,57613.25,361023.27,377795.687882769,10222151.3817336,2397637.30291579,2825055.67263224,536494.808764992,423.878205128205,2920.53952991453,604.266826923077,56.5420634239625
2014,8378.07123287671,12551.1945205479,557.605479452055,10778.4931506849,2849.12602739726,5925.85205479452,10414.6383561644,326.778082191781,8904.68493150685,2814.2904109589,2.22277777777778,0.616527777777778,0.0940277777777778,0.5225,0.0855555555555556,94.6944444444444,17.5506944444444,0.819157663065226,0.0471188475390156,0.726170468187275,1.56182472989196,0.0286314525810324,0.15474784610814,0.0227490996398559,1.75145652958153,1.60894357743097,8074.66327417036,265.584467422643,4444.43925570125,3168.323324075,50.3039430488253,3366.48364418532,86.5773424988704,16022.4674596046,3433.90779149764,1.23333333333333,1.13333333333333,0.283333333333333,12.65,0.0166666666666667,0.133333333333333,0.233333333333333,0.25,1.91666666666667,13.7833333333333,9535.69111184868,1213.60349060058,1291.85953105239,53412.5093021915,13.4527792108324,2448.31833125834,75712.6317557676,1030.24539324997,14319.5671466202,54626.1127927921,0.233333333333333,0,0,0,0,1.25,0.35,0.0166666666666667,1.5,0,1571.19884081265,0,0,0,0,12519.4923309033,47186.7220504124,239.335580668798,14330.0267523847,0,120.522777777778,98817.7168352956,0.00956937799043062,0.115646258503401,0.0452380952380952,0.667687595712098,0.00954653937947494,0.299595141700405,0.0190930787589499,0.489141952191282,0.677234135091573,23.8895377509583,67.6514538974544,30.1759443306045,380.762487464629,6.09031243363839,182.388842614209,1.75806254048465,305.863841133711,386.852799898267,38391.778,515597.182300913,107122.029648923,144664.09366,113753.2394,30990.17,2829848.67,793.36,162869.66,958665.74,377915.399822876,12630484.9422536,2210164.96119702,3643070.27472862,1367460.51838873,406.784188034188,4490.65170940171,314.837072649573,29.2652725048031
2015,6486.93424657534,10559.9479452055,481.704109589041,8641.83561643836,2297.2602739726,8600.41643835616,12903.7424657534,708.632876712329,10618.2465753425,2678.8301369863,3.12888888888889,0.53625,0.0788888888888889,0.457361111111111,0.0809722222222222,70.390799119819,17.7695833333333,0.171498599439776,0.00840336134453781,2.30365146058423,5.60249099639856,0.0229591836734694,0.129361359928587,0.00930372148859544,2.63677432511466,5.6108943577431,1423.50028826102,236.753329401453,11782.2112551492,12993.5967485134,50.0035935249911,3028.33701969406,196.602468192032,16480.6546248213,13230.3500779149,0.492857142857143,0.283333333333333,0.233333333333333,13.0428571428571,0.366666666666667,0.466666666666667,0.569047619047619,0.0738095238095238,1.63333333333333,13.3261904761905,14445.6011519583,212.267490918361,607.754655401228,36579.8949236966,438.385829529232,6734.11826508185,188051.420906479,558.979475310212,22784.8393772808,36792.162414615,0.0428571428571429,0,0,0,0.0142857142857143,0.55,0.0452380952380952,0,0.607142857142857,0,646.299560055966,0,0,0,10.7224970684138,6015.45160256529,4790.10235019199,0,6672.47365968967,0,54.1811111111111,57783.9961410321,0.00238663484486874,0.00715990453460621,0.014218009478673,0.69558599695586,0.00714285714285714,0.290721649484536,0.0660377358490566,0.380523934191741,0.702728854098717,0.0928428456455624,4.67080054732503,19.1232138006793,550.682431167511,14.7641220633195,341.414582713602,4.24498314031004,369.546423047562,565.44655323083,28489.796,482953.959589505,164539.316774388,167804.03118,96288.157,16719.67,3368970.71,1428.82,121958.28,815011.85,439201.644253426,11642687.0038158,3394810.88872092,4238170.98154671,1147081.55434688,301.148504273504,2776.7094017094,140.124198717949,11.5032534133308
2016,18464.1666666667,25915.3469945355,1444.95081967213,22533.825136612,6249.62021857924,15688.9644808743,21837.9207650273,1273.26229508197,18920.6284153005,4833.5737704918,4.82069444444444,0.46875,0.0929166666666667,0.375833333333333,0.06625,79.6666666666667,16.83,0.793542416966787,0,1.74389755902361,10.5307322929172,0.025,0.283507266542981,0.00777310924369748,2.85372035177707,10.5307322929172,4248.5245441373,0,7178.50030536514,26506.8044365698,57.2783993012858,4404.14490201643,69.3832099364428,15957.8313607566,26506.8044365698,1.095,0.775,0.025,13.225,0.02,1.06666666666667,0.566666666666667,0.0666666666666667,2.27333333333333,14,6233.74598879725,748.315257430306,53.6582847893537,20819.0976268269,16.1433350529989,2123.53232735969,111320.635638007,88.9594856037039,8516.03942160299,21567.4128842572,0,0.0333333333333333,0,0,0,2.27333333333333,0.341666666666667,0,2.27333333333333,0.0333333333333333,0,19.1843709468203,0,0,0,8708.53808323556,34234.809581092,0,8708.53808323556,19.1843709468203,78.916,74569.6169000758,0.00744416873449132,0.00744416873449132,0.00496277915632754,0.201793721973094,0.00248138957816377,0.778723404255319,0.0271604938271605,0.82573501470779,0.204275111551258,18.4342325904941,4.3057235543562,4.07555924151503,219.727744203171,14.8735572926659,416.825888260302,45.4633526455224,489.10475629219,234.601301495837,73744.538,504077.928221721,426324.89659059,136112.85442,106641.2066,40344.86,3132479.94,2376.77,57438.32,874429.84,1291866.5380414,12266412.0930123,8796027.77895962,3439553.62833053,1203826.53969901,217.41452991453,1370.05876068376,250.61209045584,17.0579085899949
2017,64930.9260273973,74635.6410958904,20094.8575342466,37692.0547945205,8835.15342465753,67175.704109589,76659.0876712329,20266.1561643836,39829.1780821918,8928.39726027397,2.96916794883394,0.640833333333333,0.0770833333333333,0.56375,0.0680555555555555,80.9444444444444,16.43375,6.79071628651461,0.0378151260504202,0.899239695878351,6.43712484993998,0.00567226890756303,1.24444652861144,0.172258903561425,9.11233368347339,6.4749399759904,29219.6899546816,120.296025371596,6360.53796323199,19708.9271043729,7.31329554667912,12926.8582827981,576.724183183843,49091.1236794422,19829.2231297445,12.86,0.02,0.88,6.4,0,1.98,0.26,0.22,15.94,6.42,56487.322018543,39.26101798156,6684.18028645538,24859.2637275086,0,20634.7123051619,67042.0124116189,641.843185820226,84448.0577959805,24898.5247454901,0.44,0,0.02,0,0,2.96,0.56,0.14,3.56,0,2013.97086238852,0,50.9245307718804,0,0,36804.2831621071,51173.8427369992,326.6030504916,39195.7816057591,0,51.7461111111111,39945.3985302761,0.873887240356083,0.0709219858156028,0.0048780487804878,0.029126213592233,0.0024390243902439,1.46316614420063,0.512068965517241,2.92492238467004,0.0315652379824769,524.373550038786,62.9861998875003,2.4091696166456,23.9590444615711,1.18684436595903,609.430381112491,578.674401306379,1777.8737019618,25.1458888275301,83691.918,777496.427751443,439990.881064293,135933.80568,699238.9894,87426.34,2954776.68,1814.17,48425.76,5531661.61,1453394.02090928,19205892.4989366,9077987.33613968,3382084.34341806,11892437.4774995,573.584401709402,847.222222222222,409.699964387464,33.7732963284807
2018,13332.1232876712,20586.4520547945,355.038356164384,16948.5479452055,6179.16438356164,13520.101369863,21337.1698630137,371.86301369863,17407.6164383562,6364.12602739726,2.31734907830657,0.485375,0.0953611111111111,0.390013888888889,0.0777916666666667,99.2638888888889,16.2933333333333,1.89157663065226,0.00630252100840336,0.394547819127651,7.63062224889956,0,0.0981271995977878,0.148919567827131,2.53317121720483,7.63692476990796,14528.9312075441,349.092981512123,2152.52964032197,29767.0261897455,0,1524.47614046816,572.086854875595,18778.0238432098,30116.1191712577,NA,NA,NA,NA,NA,NA,NA,NA,NA,NA,NA,NA,NA,NA,NA,NA,NA,NA,NA,NA,0.0333333333333333,0,0.0166666666666667,0,0,1.56666666666667,0.483333333333333,0.0333333333333333,1.65,0,141.523793061624,0,179.716344327401,0,0,5481.46341612316,54895.8961236535,174.585276971661,5977.28883048385,0,35.2501111111111,48839.3273916182,0.0223880597014925,0.00498753117206983,0.180327868852459,0.258134490238612,0.00249376558603491,0.562610229276896,0.110576923076923,0.88089061207984,0.260628255824647,117.689649072083,3.32839597917583,50.6294511840627,37.74161642594,0.111812426266209,335.832113436536,41.9677440359764,549.447353707834,37.8534288522062,31005.68,510594.679378691,190492.616472453,167007.65792,107897.0014,27578.35,2800335.58,1113.58,67004.9,881814.34,420742.776550115,12517068.9802535,3930284.99995743,4216186.48802002,1143724.41228476,377.537393162393,978.365384615385,317.240918803419,22.5526224930709
2019,38870.4520547945,46903.9205479452,5256.80273972603,32385.0136986301,7253.75068493151,37886.9506849315,45885.5479452055,5253.95068493151,31671.0684931507,7381.87397260274,1.61289731357827,0.816529860115006,0.102569444444444,0.713960415670562,0.199997722530125,82.4444444444444,16.4294444444444,4.15739295718287,0.0168067226890756,0.918647458983593,1.86554621848739,0,0.616904261704682,0.105197078831533,5.79814175670268,1.88235294117647,26283.4723132254,198.17825791525,8919.86643077144,2844.7463753416,0,7045.5246131354,878.801738411429,43127.6650955437,3042.92463325685,6,0,0,3.2,0,0.9,0.1,0,6.9,3.2,30925.4546235284,0,0,7766.55477021231,0,7980.00417215305,7429.62110212968,0,38905.4587956814,7766.55477021231,0.642857142857143,0,0,0,0,3.482,0.246571428571429,0.242857142857143,4.36771428571429,0,3108.80169560278,0,0,0,0,24282.9494302706,28958.0724795141,156.119980309211,27547.8711061826,0,50.4106666666667,38989.5263438776,0.512333965844402,0,0.288590604026846,0.0473815461346633,0,0.99416569428238,0.135265700483092,1.93035596463672,0.0473815461346633,375.998915096794,0,108.308793463505,55.6347710032426,0,433.495791173474,68.5862686242712,986.389768358044,55.6347710032426,32137.636,499832.845997508,117589.069869517,113810.30992,248977.5116,29918.39,2212103.91,777.44,44207.7,1911677.6,408301.538949909,12372398.356622,2426123.20637604,2867042.81628117,4061986.21618236,501.201923076923,1625,419.270833333333,30.4839207499334
2020,8288.23357664234,15023.1240875912,85.8905109489051,12872.3722627737,4679.50729927007,9110.28961748634,15836.6338797814,85.1448087431694,13360.8196721311,5037.0737704918,2.05088114807136,0.420423618480616,0.0982776295759651,0.32214598890465,0.0766294685132608,97.6713970551932,17.3802978191753,2.65906362545018,0.00420168067226891,1.87319427771108,4.2750600240096,0,0.126931509783401,0.0140756302521008,4.67326504319677,4.27926170468187,19726.5348343044,347.79664204543,12962.8243364531,11971.8940432988,0,2308.06802430359,104.285645020559,35101.7128400817,12319.6906853442,10.08,0.12,0.38,10.84,0,0.24,0.16,0.12,10.82,10.96,37145.2865410832,142.116742811725,1381.41332445738,34776.8379208933,0,1875.9076993562,48265.1020160877,430.206054729642,40832.8136196264,34918.9546637051,0.2,0,0,0,0,1.76,0.16,0.04,2,0,1084.22079447336,0,0,0,0,17288.2973921854,14388.7443762411,319.342950183639,18691.8611368424,0,17.2944444444444,31842.2647267657,0.0731707317073171,0,0.119512195121951,0.195852534562212,0.00510204081632653,0.393213572854291,0.0719602977667494,0.657856797450309,0.200954575378539,148.250436418079,0,21.2685222849016,95.9256881550031,0.467032116636677,214.729711284471,25.7387598243359,409.987429811787,96.3927202716397,65514.208,388040.771134713,92986.6420180572,251166.6622,88303.7716,53215.52,2983766.36,710.56,122816.87,719692.81,1125462.42443341,9294976.45961229,1918520.57621787,6359886.98347119,1003612.28789206,860.220797720798,1906.87321937322,363.188509021842,28.218856879012
2021,NA,NA,NA,NA,NA,NA,NA,NA,NA,NA,NA,NA,NA,NA,NA,NA,NA,NA,NA,NA,NA,NA,NA,NA,NA,NA,NA,NA,NA,NA,NA,NA,NA,NA,NA,NA,NA,NA,NA,NA,NA,NA,NA,NA,NA,NA,NA,NA,NA,NA,NA,NA,NA,NA,NA,NA,NA,NA,NA,NA,NA,NA,NA,NA,NA,NA,NA,NA,NA,NA,NA,NA,NA,NA,NA,NA,NA,0.00240384615384615,0,0.210869565217391,0.250539956803456,0.0119904076738609,0.105140186915888,0.0477326968973747,0.3661462951845,0.262530364477317,2.78723644844173,0,34.868891018921,380.112034859118,2.19559204379062,114.238905134194,4.14066215972686,156.035694761283,382.307626902908,NA,NA,NA,NA,NA,NA,NA,NA,NA,NA,NA,NA,NA,NA,NA,NA,NA,NA,NA
