"Year","Region","BayStudy_MidwaterTrawl_fish_catch_per_tow_AmericanShad","BayStudy_MidwaterTrawl_fish_catch_per_tow_PacificHerring","BayStudy_MidwaterTrawl_fish_catch_per_tow_ThreadfinShad","BayStudy_MidwaterTrawl_fish_catch_per_tow_NorthernAnchovy","BayStudy_MidwaterTrawl_fish_catch_per_tow_DeltaSmelt","BayStudy_MidwaterTrawl_fish_catch_per_tow_StripedBass_age0","BayStudy_MidwaterTrawl_fish_catch_per_tow_LongfinSmelt","BayStudy_MidwaterTrawl_fish_catch_per_tow_Estuarine_pelagic_forage_fishes","BayStudy_MidwaterTrawl_fish_catch_per_tow_Marine_pelagic_forage_fishes","BayStudy_OtterTrawl_fish_catch_per_tow_AmericanShad","BayStudy_OtterTrawl_fish_catch_per_tow_PacificHerring","BayStudy_OtterTrawl_fish_catch_per_tow_ThreadfinShad","BayStudy_OtterTrawl_fish_catch_per_tow_NorthernAnchovy","BayStudy_OtterTrawl_fish_catch_per_tow_DeltaSmelt","BayStudy_OtterTrawl_fish_catch_per_tow_StripedBass_age0","BayStudy_OtterTrawl_fish_catch_per_tow_LongfinSmelt","BayStudy_OtterTrawl_fish_catch_per_tow_Estuarine_pelagic_forage_fishes","BayStudy_OtterTrawl_fish_catch_per_tow_Marine_pelagic_forage_fishes","BayStudy_MidwaterTrawl_fish_biomass_AmericanShad","BayStudy_MidwaterTrawl_fish_biomass_PacificHerring","BayStudy_MidwaterTrawl_fish_biomass_ThreadfinShad","BayStudy_MidwaterTrawl_fish_biomass_NorthernAnchovy","BayStudy_MidwaterTrawl_fish_biomass_DeltaSmelt","BayStudy_MidwaterTrawl_fish_biomass_StripedBass_age0","BayStudy_MidwaterTrawl_fish_biomass_LongfinSmelt","BayStudy_MidwaterTrawl_fish_biomass_Estuarine_pelagic_forage_fishes","BayStudy_MidwaterTrawl_fish_biomass_Marine_pelagic_forage_fishes","BayStudy_OtterTrawl_fish_biomass_AmericanShad","BayStudy_OtterTrawl_fish_biomass_PacificHerring","BayStudy_OtterTrawl_fish_biomass_ThreadfinShad","BayStudy_OtterTrawl_fish_biomass_NorthernAnchovy","BayStudy_OtterTrawl_fish_biomass_DeltaSmelt","BayStudy_OtterTrawl_fish_biomass_StripedBass_age0","BayStudy_OtterTrawl_fish_biomass_LongfinSmelt","BayStudy_OtterTrawl_fish_biomass_Estuarine_pelagic_forage_fishes","BayStudy_OtterTrawl_fish_biomass_Marine_pelagic_forage_fishes"
1980,"North",0,0,0,0,0.571428571428571,8.42857142857143,12,21,0,0,0,0,0,0.571428571428571,3.85714285714286,1.57142857142857,6,0,0,0,0,0,1258.30864314592,32401.1168925681,22740.9878385593,56400.4133742734,0,0,0,0,0,848.21681631331,13119.0285572966,3838.74926006949,17805.9946336794,0
1980,"South",5.42857142857143,0,1.57142857142857,0,0,0.714285714285714,0,7.71428571428571,0,0.142857142857143,0,0,0,0,11.5714285714286,0,11.7142857142857,0,28867.0077051371,0,18131.7952248,0,0,5719.85969195121,0,52718.6626218883,0,605.06400469605,0,0,0,0,114945.356220873,0,115550.420225569,0
1980,"West",0.656994047619048,0.574404761904762,0,29.9583333333333,1.92931547619048,8.125,50.4196428571429,61.1309523809524,30.5327380952381,0.0178571428571429,0.078125,0,1.61160714285714,0.875,7.95610119047619,21.1183035714286,29.9672619047619,1.68973214285714,41104.5596902485,783.262988297191,0,157451.801642413,2757.69205721252,36233.250519555,79241.2491032879,159336.751370304,158235.06463071,283.875153965029,89.3546266803892,0,9125.58403134112,799.042082083803,21823.8668073755,18494.8895347687,41401.673578193,9214.93865802151
1981,"North",0.857142857142857,0,0,1.42857142857143,5.42857142857143,39.0288126507639,3.71428571428571,49.0288126507639,1.42857142857143,0,0,0,0,0.666666666666667,35.8,1.5,37.9666666666667,0,6556.20965115818,0,0,13642.2180631528,20880.4667829628,87792.4881311006,19580.0885032541,134809.253068476,13642.2180631528,0,0,0,0,1047.35908907263,18638.813777452,7579.8944934084,27266.0673599331,0
1981,"South",9,0,0.285714285714286,0,0.428571428571429,10.3333333333333,0.142857142857143,20.1904761904762,0,0,0,0,0,0,28.7644787644788,0.285714285714286,29.050193050193,0,65696.5656390639,0,1912.37506450779,0,1560.28080615977,54856.9124821568,1069.08694081771,125095.220932706,0,0,0,0,0,0,195335.017116376,3014.75531285662,198349.772429232,0
1981,"West",2.3125,0.160714285714286,0,172.616071428571,1.7827380952381,12.2460753532182,13.7410714285714,30.0823848770277,172.776785714286,0,0.0714285714285714,0,3.02202380952381,0.688095238095238,14.7111721611722,3.15595238095238,18.5552197802198,3.09345238095238,37829.8646413175,321.091269201264,0,438556.922942485,3495.30122871031,37854.1142270803,52720.3690147936,131899.649111902,438878.014211686,0,127.468431500657,0,12562.8110726276,1272.80702679591,31793.0611137702,7268.84337380368,40334.7115143698,12690.2795041282
1982,"North",7.85714285714286,0,0,0,0.857142857142857,69.5714285714286,0,78.2857142857143,0,0,0,0,0,0.285714285714286,33.8359788359788,0.142857142857143,34.2645502645503,0,22220.6591478026,0,0,0,2538.68706892376,132386.382704449,0,157145.728921175,0,0,0,0,0,1394.63950896843,78336.0259909654,330.123216795838,80060.7887167297,0
1982,"South",98.2857142857143,0,0.714285714285714,0,0.142857142857143,22.1428571428571,0,121.285714285714,0,0,0,0,0,0,21.1666666666667,0,21.1666666666667,0,385571.292284911,0,1445.16091938648,0,667.043311241948,81600.7881038741,0,469284.284619414,0,0,0,0,0,0,141258.513102969,0,141258.513102969,0
1982,"West",3.71428571428571,3.17857142857143,0.0714285714285714,9.53571428571428,1.10714285714286,45.8021416900093,88.7857142857143,139.480713118581,12.7142857142857,0.0535714285714286,0.0178571428571429,0,0.339285714285714,0.392857142857143,15.1071428571429,50.2321428571429,65.7857142857143,0.357142857142857,67023.0056555859,7720.62894985561,792.042853685321,53746.4696908933,1682.54527435091,70791.4766267211,91350.55161574,231639.622026083,61467.098640749,1981.8724602303,14.0536836416031,0,1741.47057183837,486.760678079049,37934.9121985615,49418.7511999675,89822.2965368383,1755.52425547997
1983,"North",2.71428571428571,0,0,0,0,1.85714285714286,0,4.57142857142857,0,0,0,0,0,0,8.33333333333333,0,8.33333333333333,0,6473.50170006904,0,0,0,0,6199.21478046419,0,12672.7164805332,0,0,0,0,0,0,50906.2237660544,0,50906.2237660544,0
1983,"South",9.57142857142857,0,1.85714285714286,0,0.428571428571429,0,0,11.8571428571429,0,0,0,0,0,0,6.83333333333333,0,6.83333333333333,0,19851.4045982687,0,7712.93339297714,0,1293.9607696826,0,0,28858.2987609285,0,0,0,0,0,0,30585.699446749,0,30585.699446749,0
1983,"West",3.52083333333333,0,1.69345238095238,0.732142857142857,0.842261904761905,19.7509920634921,10.6607142857143,36.468253968254,0.732142857142857,0.208333333333333,0,0.0386904761904762,0.392857142857143,0.291666666666667,84.2998693500969,1.48214285714286,86.3207026834303,0.392857142857143,12068.4327744021,0,9358.24534400157,1950.8853107999,2387.75867209057,66051.1529807399,61651.8222876079,151517.412058842,1950.8853107999,1089.69738770081,0,352.013024031556,871.904793038555,540.903533189755,198034.087636106,8355.54961925665,208372.251200285,871.904793038555
1984,"North",14.7142857142857,0,0,0,0.428571428571429,7.85714285714286,0.714285714285714,23.7142857142857,0,0,0,0,0,0,6.28571428571429,0.285714285714286,6.57142857142857,0,28266.1494311963,0,0,0,2044.5492796632,32082.233071048,2051.15608855244,64444.08787046,0,0,0,0,0,0,11032.5136327414,782.704596393498,11815.2182291349,0
1984,"South",7.85714285714286,0,2.14285714285714,0,0,2.42857142857143,0,12.4285714285714,0,0.142857142857143,0,0,0,0,18.2549019607843,0,18.3977591036415,0,27163.0170645734,0,28138.8009323336,0,0,8634.46333454933,0,63936.2813314564,0,330.081392978836,0,0,0,0,54376.1756974087,0,54706.2570903875,0
1984,"West",1.28571428571429,0.875,0.0178571428571429,297.767857142857,0.964285714285714,8.08571428571429,7.57142857142857,17.925,298.642857142857,0,0,0.0357142857142857,1.01785714285714,0.107142857142857,23.2636495164103,2.75,26.1565066592675,1.01785714285714,11252.8119480236,856.40937460722,45.4683310463218,1724579.86537295,2840.1240318488,33977.5983146643,35664.3669955059,83780.3696210889,1725436.27474756,0,0,385.268710625137,6752.47014828224,245.821747423415,48736.108259953,10711.6957743384,60078.8944923399,6752.47014828224
1985,"North",0.25,1.625,0,0.75,0.25,1.125,3.75,5.375,2.375,0,0.375,0,0,0,2.25,0.125,2.375,0.375,1790.49454624973,1032.9430500872,0,5348.78747938475,1439.67896157398,7225.27326832135,11012.0308977469,21467.477673892,6381.73052947195,0,199.249707939563,0,0,0,7053.47804574361,144.031663350783,7197.5097090944,199.249707939563
1985,"South",3.125,0.125,0.375,0,0,0.75,0,4.25,0.125,0.125,0,0,0,0,10.125,0,10.25,0,26584.2430515153,160.143849398864,3845.07865787086,0,0,5380.92844932543,0,35810.2501587116,160.143849398864,3379.42881906084,0,0,0,0,54668.6227653009,0,58048.0515843617,0
1985,"West",0.6875,4.8125,0,83.875,0.109375,2.77986819727891,8.359375,11.9361181972789,88.6875,0.03125,0.265625,0.015625,1.171875,0,17.26638827229,3.125,20.43826327229,1.4375,7710.05915157624,3024.13364645473,0,400182.086152662,410.579992756524,17854.8264440402,49094.3258871783,75069.7914755513,403206.219799117,315.725778540402,122.249203489347,145.937744004503,5307.06264368898,0,107796.822169715,8808.88442302325,117067.370115283,5429.31184717832
1986,"North",1.33333333333333,0,0,0,6,61.1302564102564,0.333333333333333,68.7969230769231,0,0,0,0,0,1,16.8333333333333,1,18.8333333333333,0,4990.68410012049,0,0,0,10835.5879137543,133967.000910754,645.231915180379,150438.504839809,0,0,0,0,0,1658.29726925012,24350.3154489731,3406.57579825655,29415.1885164798,0
1986,"South",4.5,0,0,0,0,4.8,0,9.3,0,0,0,0,0,0,7,0,7,0,27088.9548561335,0,0,0,0,40902.3451261886,0,67991.2999823222,0,0,0,0,0,0,56094.7052336077,0,56094.7052336077,0
1986,"West",1.14583333333333,0.208333333333333,0.125,42.5833333333333,0.604166666666667,27.7879616928336,12.9791666666667,42.6421283595002,42.7916666666667,0,0,0,0.916666666666667,0.125,10.4160377358491,1.52083333333333,12.0618710691824,0.916666666666667,36513.3669269263,539.922070280678,1321.71422715483,285544.307185129,1301.89593784124,53735.4408180196,43813.7780184098,136686.195928352,286084.22925541,0,0,0,6532.29955451517,632.560507184062,16274.177933586,4635.25460170138,21541.9930424715,6532.29955451517
1987,"North",3.57142857142857,0.285714285714286,0,2.71428571428571,1.28571428571429,2.85714285714286,3.85714285714286,11.5714285714286,3,0,0,0,0,0,1.85714285714286,0.428571428571429,2.28571428571429,0,42864.8809136511,1077.3714943676,0,8610.37414958563,3418.64682730361,3966.22480112864,9413.78831075206,59663.5408528354,9687.74564395322,0,0,0,0,0,327.694359988811,2629.92852041798,2957.62288040679,0
1987,"South",2.71428571428571,0,0,0,0,0,0,2.71428571428571,0,0,0,0,0,0,14.5714285714286,0,14.5714285714286,0,17939.0337600264,0,0,0,0,0,0,17939.0337600264,0,0,0,0,0,0,40816.1629760811,0,40816.1629760811,0
1987,"West",0.482142857142857,1,0,31.5,0.0178571428571429,2.0922619047619,11.8214285714286,14.4136904761905,32.5,0,0,0,0.428571428571429,0,11.0628256963163,2.26785714285714,13.3306828391734,0.428571428571429,6097.3841793397,1056.72870310089,0,211443.13259536,38.8021272201592,9670.14740124384,82731.4507561179,98537.7844639216,212499.861298461,0,0,0,2375.16444049458,0,25442.137601711,6757.57675968289,32199.7143613939,2375.16444049458
1988,"North",0.428571428571429,0.285714285714286,0,0.285714285714286,2.85714285714286,0.6,4.57142857142857,8.45714285714286,0.571428571428571,0,0,0,0,0.714285714285714,0.285714285714286,1.85714285714286,2.85714285714286,0,1284.2208928725,156.928412840312,0,956.728282025862,6263.34567783106,1371.45718970504,21220.7449069193,30139.7686673279,1113.65669486617,0,0,0,0,1556.53086068649,412.103953828801,805.903420650081,2774.53823516537,0
1988,"South",14.1428571428571,2.42857142857143,0.142857142857143,0,0.142857142857143,0,0,14.4285714285714,2.42857142857143,0.142857142857143,0,0,0,0,19.3533333333333,0,19.4961904761905,0,63923.2485455775,2410.91241074365,829.863552343717,0,725.861612059774,0,0,65478.973709981,2410.91241074365,1753.07583796481,0,0,0,0,42321.0984269025,0,44074.1742648673,0
1988,"West",0.196428571428571,0.875,0,11.6964285714286,0,0.925595238095238,2.25,3.37202380952381,12.5714285714286,0,0.125,0,0.446428571428571,0,3.54442857142857,0.625,4.16942857142857,0.571428571428571,1494.87486516749,787.705507548221,0,78865.0922374179,0,10576.8134163018,17498.5060444422,29570.1943259115,79652.7977449661,0,77.1044147797845,0,2854.89654762078,0,11340.4758075641,3607.72169507492,14948.1975026391,2932.00096240056
1989,"North",0,0,0,0,1.2,6,0.2,7.4,0,0,0,0,0,0,1.25,0.8,2.05,0,0,0,0,0,4695.25780813803,25716.9975888929,89.3660230135134,30501.6214200445,0,0,0,0,0,0,12097.9894162914,428.500650866084,12526.4900671575,0
1989,"South",9.8,0,0,0,0.4,2,0,12.2,0,0,0,0,0,0,25.44,0.2,25.64,0,42096.5644540813,0,0,0,519.054722675663,3683.96444611655,0,46299.5836228735,0,0,0,0,0,0,55254.8104409203,89.3660230135134,55344.1764639338,0
1989,"West",0.175,0.725,0,9,0.075,1.0125,1.2,2.4625,9.725,0,0,0,0,0,9.43025,0.25,9.68025,0,2852.71353238332,544.7233395665,0,70620.4832140541,181.030042649729,2883.42578482051,10289.7177193397,16206.8870791932,71165.2065536206,0,0,0,0,0,24961.1435472439,929.368488642504,25890.5120358864,0
1990,"North",0.285714285714286,0,0,0,0.857142857142857,1.42857142857143,0.285714285714286,2.85714285714286,0,0,0,0,0,0.571428571428571,0.8,0,1.37142857142857,0,2103.22472434374,0,0,0,1650.66326520782,6384.82402834111,122.10667267165,10260.8186905643,0,0,0,0,0,719.504733361302,10029.9773640937,0,10749.482097455,0
1990,"South",23.7142857142857,0,0,0,0.142857142857143,1.28571428571429,0,25.1428571428571,0,0,0,0,0,0,14.4057142857143,0,14.4057142857143,0,122196.406988315,0,0,0,263.224125418635,2650.7671405543,0,125110.398254288,0,0,0,0,0,0,60699.8839682304,0,60699.8839682304,0
1990,"West",0.678571428571429,0.214285714285714,0,4.57142857142857,0.339285714285714,0.560416666666667,0.285714285714286,1.8639880952381,4.78571428571429,0,0.0357142857142857,0,0,0.0535714285714286,4.93035714285714,0.0892857142857143,5.07321428571429,0.0357142857142857,4289.77701533682,162.738708509275,0,37727.0831048247,491.972604779214,2733.807420602,2535.16537937711,10050.7224200951,37889.821813334,0,15.1767520079107,0,0,78.2442547196456,19580.2831780556,384.530072033339,20043.0575048086,15.1767520079107
1991,"North",0.142857142857143,0.142857142857143,0,0,1.28571428571429,0.857142857142857,0.571428571428571,2.85714285714286,0.142857142857143,0,0,0,0,0,0.142857142857143,0,0.142857142857143,0,1860.40977979406,75.6780069775438,0,0,3470.11506429664,7382.66593582631,2925.97455458628,15639.1653345033,75.6780069775438,0,0,0,0,0,315.866939058906,0,315.866939058906,0
1991,"South",8.28571428571429,0.142857142857143,0,0,0,0.857142857142857,0,9.14285714285714,0.142857142857143,0,0,0,0,0,29.0542857142857,0,29.0542857142857,0,86389.0621184701,104.24236753244,0,0,0,3889.36346801793,0,90278.425586488,104.24236753244,0,0,0,0,0,130898.406035635,0,130898.406035635,0
1991,"West",0.285714285714286,0.232142857142857,0,4.875,0.0357142857142857,1.10178571428571,0.517857142857143,1.94107142857143,5.10714285714286,0,0,0,0,0,3.23809523809524,0.160714285714286,3.39880952380952,0,4366.02396479574,236.098117387077,0,34921.129423724,81.3161243431762,5013.49607326281,3822.08790808454,13282.9240704863,35157.2275411111,0,0,0,0,0,11692.9654380775,1064.56538445155,12757.5308225291,0
1992,"North",0.428571428571429,0,0,0.142857142857143,1.14285714285714,10.3333333333333,0.428571428571429,12.3333333333333,0.142857142857143,0,0,0,0,0.285714285714286,6,0.428571428571429,6.71428571428571,0,2047.41899432706,0,0,106.403033272728,1055.3158704232,24067.9363701533,2333.59693181583,29504.2681667193,106.403033272728,0,0,0,0,146.756693304289,6623.19024829665,199.382305208382,6969.32924680932,0
1992,"South",5.14285714285714,0,1.85714285714286,0,0,1.28571428571429,0,8.28571428571429,0,0.142857142857143,0,0,0,0,16.9878419452888,0,17.1306990881459,0,25140.4074482329,0,6137.40482060546,0,0,11342.982677067,0,42620.7949459054,0,1236.62512565449,0,0,0,0,73365.2574990599,0,74601.8826247143,0
1992,"West",0.196428571428571,1.28571428571429,0,5.33928571428571,0.357142857142857,3.45892857142857,0.214285714285714,4.22678571428571,6.625,0.0357142857142857,0.0178571428571429,0,0,0.0357142857142857,3.53571428571429,0.0714285714285714,3.67857142857143,0.0178571428571429,1693.94671996369,688.071043786499,0,19440.6975869582,546.84898082971,10445.3596731677,2554.548350995,15240.7037249561,20128.7686307447,660.140855616123,7.28381328422267,0,0,28.8798746514821,15673.2848906008,150.06037282974,16512.3659936981,7.28381328422267
1993,"North",0.571428571428571,0,0.142857142857143,0,0.714285714285714,28.4085714285714,0.857142857142857,30.6942857142857,0,0,0,0,0,0.714285714285714,2.42857142857143,0.285714285714286,3.42857142857143,0,1276.12157424598,0,363.746648370574,0,592.115518996646,59616.781455631,1599.98925055471,63448.7544477989,0,0,0,0,0,446.401969993716,3438.74229064493,447.160091410032,4332.30435204868,0
1993,"South",23.4285714285714,0,38.2857142857143,0,0,6.28571428571429,0,68,0,1,0,0.142857142857143,0,0,39.6857142857143,0,40.8285714285714,0,88623.683752678,0,93523.2827479355,0,0,34815.6351264359,0,216962.601627049,0,6292.5566590437,0,15.5041309479907,0,0,192287.169371698,0,198595.23016169,0
1993,"West",1.07142857142857,0.0714285714285714,0.142857142857143,4.33928571428571,0.428571428571429,11.0772619047619,2.21428571428571,14.9344047619048,4.41071428571429,0,0,0,0,0.142857142857143,5.41,0.339285714285714,5.89214285714286,0,3580.13035758968,117.952363304107,589.964354492645,19412.8050904976,511.273576819488,24126.1884215064,2657.77926428541,31465.3359746936,19530.7574538017,0,0,0,0,88.7923308285848,15760.5329323757,554.562936526963,16403.8881997313,0
1994,"North",0,0,0,0,0,0,0,0,0,0,0,0,0,0.857142857142857,3,0,3.85714285714286,0,0,0,0,0,0,0,0,0,0,0,0,0,0,441.188042973314,1560.64035978748,0,2001.82840276079,0
1994,"South",0,0,0,0,0,0,0,0,0,2.85714285714286,0,0,0,0,27.1828571428571,0,30.04,0,0,0,0,0,0,0,0,0,0,13442.6855958585,0,0,0,0,121868.891150382,0,135311.57674624,0
1994,"West",0,1.25,0,4.875,0.125,0.333333333333333,1.125,1.58333333333333,6.125,0,0.0178571428571429,0,0,0.25,3.33571428571429,0.0535714285714286,3.63928571428571,0.0178571428571429,0,1279.90104703935,0,13438.9159232635,286.46451339737,3420.90961435602,5992.25858003819,9699.63270779157,14718.8169703029,0,9.45975087219298,0,0,324.376531013735,14355.1673414096,312.192479280748,14991.7363517041,9.45975087219298
1995,"North",1.16666666666667,0,0,0,0.5,0.333333333333333,0,2,0,0,0,0,0,0,0.166666666666667,0,0.166666666666667,0,3153.93062982383,0,0,0,3559.76247127189,1026.68020423668,0,7740.3733053324,0,0,0,0,0,0,6495.4498973517,0,6495.4498973517,0
1995,"South",6.4,0,0,0,0,0.25,0,6.65,0,2.4,0,0,0,0,6.4,0,8.8,0,25490.8073122067,0,0,0,0,6194.11193790424,0,31684.9192501109,0,20351.2313978144,0,0,0,0,37355.0924714466,0,57706.3238692611,0
1995,"West",1.1875,0.0208333333333333,0.125,1.29166666666667,0.354166666666667,2.30416666666667,7.02083333333333,10.9916666666667,1.3125,0,0,0,0,0.208333333333333,13.4833333333333,0.895833333333333,14.5875,0,4651.04256993645,36.3950499313392,222.485374215932,6791.78371074847,507.041618653152,11676.2161487558,10720.8192900682,27777.6050016295,6828.17876067981,0,0,0,0,97.3937258188751,28578.2029078021,1079.65175185393,29755.2483854749,0
1996,"North",6.28571428571429,0,0.142857142857143,0,0.857142857142857,1.25,0,8.53571428571428,0,0,0,0,0,0.714285714285714,2.28571428571429,0,3,0,13868.5453404707,0,427.752353416008,0,2326.52079784115,13179.144209021,0,29801.9627007488,0,0,0,0,0,494.720112126712,3527.35479235418,0,4022.07490448089,0
1996,"South",16.1428571428571,0,4.42857142857143,0,0,0.428571428571429,0,21,0,0.285714285714286,0,0.142857142857143,0,0.142857142857143,11.7142857142857,0,12.2857142857143,0,50531.2608576998,0,14197.8177000139,0,0,1010.60394468434,0,65739.6825023981,0,2777.92120985088,0,1334.28794518403,0,294.075182759015,36501.8323994686,0,40908.1167372625,0
1996,"West",0.696428571428571,0.25,0.0714285714285714,0.714285714285714,0.375,1.23928571428571,6.26785714285714,8.65,0.964285714285714,0,0,0,0,0.553571428571429,2.5952380952381,0.25,3.39880952380952,0,3154.89197685304,128.118347025428,658.132568527239,6901.31144182802,979.892755596509,11289.9539242136,53812.7265779349,69895.5978031252,7029.42978885344,0,0,0,0,387.332941044923,9032.28292644621,1310.79077499933,10730.4066424905,0
1997,"North",2.57142857142857,0,0.857142857142857,0,0.142857142857143,4.28571428571429,0.142857142857143,8,0,0,0,0.142857142857143,0,0.285714285714286,0.571428571428571,0,1,0,24776.4908871078,0,2933.81931170981,0,534.783104152397,23756.444478502,82.8347070272454,52084.3724884993,0,0,0,578.087119323758,0,288.508039510644,602.510848255274,0,1469.10600708968,0
1997,"South",9.14285714285714,0,25.8571428571429,0,0.142857142857143,3,0,38.1428571428571,0,0,0,0,0,0,9.42857142857143,0,9.42857142857143,0,29384.7361794638,0,62713.3904106679,0,443.20621351185,20893.1316101296,0,113434.464413773,0,0,0,0,0,0,40781.6562012274,0,40781.6562012274,0
1997,"West",1.57142857142857,0.410714285714286,1.71428571428571,3.875,1.48214285714286,3.60922619047619,4.07142857142857,12.4485119047619,4.28571428571429,0,0,0.125,0,0.0714285714285714,3.1002380952381,0.446428571428571,3.74309523809524,0,12162.1410506966,217.59079661055,16656.4795647985,25508.0320198703,1380.06279159609,13758.3462609845,32309.1880918993,76266.2177599751,25725.6228164809,0,0,1146.56957898645,0,30.9289601001036,20205.4282413129,3636.29747602328,25019.2242564228,0
1998,"North",6.14285714285714,0,9.28571428571429,0,0.142857142857143,0.333333333333333,0,15.9047619047619,0,0,0,0,0,0,0,0,0,0,8302.87859776719,0,19297.4230858481,0,510.746891711879,4280.78599764783,0,32391.834572975,0,0,0,0,0,0,0,0,0,0
1998,"South",11.4285714285714,0,5.14285714285714,0,0,0.142857142857143,0,16.7142857142857,0,0.285714285714286,0,3,0,0,3.57142857142857,0,6.85714285714286,0,27076.5653532065,0,11266.095374991,0,0,1179.4581209183,0,39522.1188491158,0,1176.20848764295,0,8382.98242627375,0,0,19028.1401925874,0,28587.3311065041,0
1998,"West",2.19642857142857,0,1,2.67857142857143,0.571428571428571,1.94047619047619,7.5,13.2083333333333,2.67857142857143,0.0892857142857143,0,0.0178571428571429,0,0.107142857142857,3.96726190476191,1.19642857142857,5.37797619047619,0,5137.46474714075,0,2168.87632604457,14009.0274530531,847.679546170605,12093.8784415199,9855.93837154541,30103.8374324212,14009.0274530531,212.484640660247,0,48.0371163615886,0,80.0023048425417,15288.4560342086,2941.67560330928,18570.6556993822,0
1999,"North",0.285714285714286,0,0,0,0.857142857142857,1,1.14285714285714,3.28571428571429,0,0,0,0,0,0.428571428571429,0.5,0.857142857142857,1.78571428571429,0,2406.03946885528,0,0,0,2140.36915107099,2145.3232821603,2857.27265933513,9549.00456142169,0,0,0,0,0,699.078331096935,201.432857982847,1116.41596008285,2016.92714916263,0
1999,"South",6.57142857142857,0,0.142857142857143,0,0,0.285714285714286,0,7,0,0.285714285714286,0,0,0,0,20.4285714285714,0,20.7142857142857,0,38061.0345938432,0,761.035901945408,0,0,893.82626268448,0,39715.8967584731,0,1734.03152838276,0,0,0,0,75997.780611483,0,77731.8121398658,0
1999,"West",0.535714285714286,0.0714285714285714,0.0178571428571429,3.82142857142857,0.982142857142857,1.12827380952381,21.0535714285714,23.7175595238095,3.89285714285714,0.0178571428571429,0,0,0,0.321428571428571,2.92366071428571,4.875,8.13794642857143,0,5445.50224402838,14.4942175603221,179.353441056021,24470.92862397,1249.6147645924,5815.14801396856,44045.0028695573,56734.6213332027,24485.4228415304,176.303852677447,0,0,0,261.986085850115,25355.2412462886,6346.43589603528,32139.9670808515,0
2000,"North",1.14285714285714,0,1.28571428571429,0,1.28571428571429,0.333333333333333,5.57142857142857,9.61904761904762,0,0,0,0,0,0.428571428571429,0.285714285714286,0.428571428571429,1.14285714285714,0,12745.6795897947,0,15469.4515919837,0,2358.3421040097,717.883371820475,13486.9143035422,44778.2709611507,0,0,0,0,0,243.999259474491,281.294683480521,870.609226553547,1395.90316950856,0
2000,"South",12.4285714285714,0,1.57142857142857,0,0.285714285714286,2.85714285714286,0,17.1428571428571,0,0.571428571428571,0,0,0,0,28.24,0,28.8114285714286,0,52410.6916303079,0,24053.5274620074,0,357.431473692786,16240.422593369,0,93062.0731593771,0,3462.30777300181,0,0,0,0,79210.2305241675,0,82672.5382971693,0
2000,"West",2.32142857142857,0.267857142857143,0.267857142857143,4.16071428571429,0.535714285714286,2.17559523809524,7.25,12.5505952380952,4.42857142857143,0.0535714285714286,0,0,0,0.160714285714286,1.14285714285714,0.875,2.23214285714286,0,25627.764719728,825.159195479436,3622.71169112668,18462.5294927522,989.044887053373,14910.6094877595,36995.6965907077,82145.8273763752,19287.6886882316,475.788853099315,0,0,0,215.43461560071,4581.74707716256,1784.41681000738,7057.38735586996,0
2001,"North",1,0,0.571428571428571,0,0.571428571428571,1.14285714285714,0.142857142857143,3.42857142857143,0,0,0,0,0,0,0.142857142857143,0,0.142857142857143,0,13228.5441609416,0,5664.46529638939,0,1456.74144465003,4471.21706217524,76.0975308571621,24897.0654950134,0,0,0,0,0,0,46.8288861399034,0,46.8288861399034,0
2001,"South",5.14285714285714,0,28.5714285714286,0,0,12.8571428571429,0,46.5714285714286,0,0,0,0,0,0,14.5714285714286,0,14.5714285714286,0,21196.1900154551,0,66404.8012542956,0,0,45098.5415298567,0,132699.532799607,0,0,0,0,0,0,31992.0890902587,0,31992.0890902587,0
2001,"West",0.982142857142857,0.696428571428571,0,2.53571428571429,0.125,2.61755952380952,1.67857142857143,5.40327380952381,3.23214285714286,0.589285714285714,0.0178571428571429,0,0,0.0535714285714286,2.01190476190476,0.589285714285714,3.24404761904762,0.0178571428571429,9191.30096336685,560.982059635356,0,17376.7841406839,523.218391070896,12271.0458793292,9518.58146801572,31504.1467017827,17937.7662003193,1664.64594245835,4.96810432134171,0,0,36.5176949879455,8870.45499947316,1294.54040338889,11866.1590403083,4.96810432134171
2002,"North",1.28571428571429,0,0,0,0.571428571428571,0.2,0.142857142857143,2.2,0,0,0,0,0,1.42857142857143,0.166666666666667,0.285714285714286,1.88095238095238,0,7666.40550728888,0,0,0,2048.21195881879,466.021370142517,3678.08554230984,13858.72437856,0,0,0,0,0,1837.11297433745,181.275036780686,125.599317091934,2143.98732821007,0
2002,"South",5,0,7.71428571428571,0,0,0.142857142857143,0,12.8571428571429,0,0.285714285714286,0,0,0,0,5,0,5.28571428571429,0,21239.6826845612,0,15873.1677673341,0,0,469.67698548076,0,37582.527437376,0,1456.0098165113,0,0,0,0,28748.3574198287,0,30204.36723634,0
2002,"West",0.821428571428571,0.964285714285714,0,2.35714285714286,0.0892857142857143,1.66071428571429,1.05357142857143,3.625,3.32142857142857,0.0357142857142857,0.125,0,0,0.142857142857143,0.5125,0.928571428571429,1.61964285714286,0.125,8162.30337642925,1726.83733249919,0,11842.9635420812,353.369160412718,17548.5949190629,8399.89097360566,34464.1584295106,13569.8008745804,470.006540123561,37.6882327276037,0,0,127.301710514645,5008.2255158018,1439.66919586152,7045.20296230152,37.6882327276037
2003,"North",6.85714285714286,0,0.142857142857143,0,0.857142857142857,0.2,0.142857142857143,8.2,0,0.285714285714286,0,0,0,0.428571428571429,0.142857142857143,0,0.857142857142857,0,11075.1517637218,0,77.8913940377867,0,2225.46961699516,627.409384080693,369.818886363182,14375.7410451986,0,387.957391495055,0,0,0,251.868710689119,56.5796317742543,0,696.405733958428,0
2003,"South",29.1428571428571,0,4.42857142857143,0,0.285714285714286,2,0,35.8571428571429,0,0,0,0,0,0,6.57142857142857,0,6.57142857142857,0,74557.7398085072,0,12129.6304136906,0,259.196299291831,11749.8863585568,0,98696.4528800464,0,0,0,0,0,0,23352.9555859422,0,23352.9555859422,0
2003,"West",3.57142857142857,0.0892857142857143,0.125,0.571428571428571,0.178571428571429,0.532738095238095,0.375,4.7827380952381,0.660714285714286,0,0,0,0,0,2.20833333333333,0.339285714285714,2.54761904761905,0,13629.3730196076,159.637501281534,1302.55975182217,2632.27139838251,503.592280870059,5038.59953312108,1878.40254983528,22352.5271352562,2791.90889966405,0,0,0,0,0,9387.53950703004,863.823961238782,10251.3634682688,0
2004,"North",0.428571428571429,0,0,0,7,0,0.285714285714286,7.71428571428571,0,0,0,0,0,0,0,0,0,0,3629.15200684678,0,0,0,10143.1315689873,0,172.831314840408,13945.1148906745,0,0,0,0,0,0,0,0,0,0
2004,"South",1.57142857142857,0,1.57142857142857,0,0.714285714285714,0.142857142857143,0,4,0,0,0,0.142857142857143,0,0,3.6,0,3.74285714285714,0,5363.24676992942,0,3397.42008783006,0,1486.00815403297,42.4125495750772,0,10289.0875613675,0,0,0,550.859271472217,0,0,13928.9134203743,0,14479.7726918465,0
2004,"West",0.910714285714286,0.482142857142857,0.0357142857142857,1.55357142857143,0.142857142857143,1.13988095238095,1.35714285714286,3.58630952380952,2.03571428571429,0.0714285714285714,0.125,0,0,0.0178571428571429,0.948809523809524,0.589285714285714,1.62738095238095,0.125,10497.2898166572,438.512359033268,332.107044214666,10223.404544788,125.26587230619,11374.9035469874,6519.15173552439,28848.7180156898,10661.9169038212,508.878491410715,50.7568534267899,0,0,5.85311329678289,10089.27908913,1188.91765852371,11792.9283523612,50.7568534267899
2005,"North",20.7142857142857,0,0.857142857142857,0,1.14285714285714,0.571428571428571,0,23.2857142857143,0,0,0,0,0,0,0,0,0,0,27567.4766411155,0,3437.52853202236,0,2253.8522920461,1910.08494349277,0,35168.9424086767,0,0,0,0,0,0,0,0,0,0
2005,"South",38.7142857142857,0,2.85714285714286,0,0,0.571428571428571,0,42.1428571428571,0,4.42857142857143,0,0,0,0,6,0,10.4285714285714,0,122229.481872016,0,8564.34463370245,0,0,1721.74849194446,0,132515.574997663,0,7986.12730070913,0,0,0,0,32199.705811856,0,40185.8331125652,0
2005,"West",2.48214285714286,0.142857142857143,0.107142857142857,0.142857142857143,0.107142857142857,0.75,0.625,4.07142857142857,0.285714285714286,0.0357142857142857,0,0,0,0.0178571428571429,3.25892857142857,0.0892857142857143,3.40178571428571,0,5815.08562411589,497.320073956452,1457.812207078,524.26896607245,147.251689147152,4135.59285036935,4213.35039862465,15769.092769335,1021.5890400289,111.26735848502,0,0,0,8.35693932063362,9658.22014570419,288.313847441509,10066.1582909514,0
2006,"North",2.71428571428571,0,9.42857142857143,0,0.428571428571429,0.4,0.428571428571429,13.4,0,0,0,0,0,0.142857142857143,0,0,0.142857142857143,0,3859.04164864762,0,12324.2573230418,0,2210.11655180777,2240.82505954331,1037.2669365947,21671.5075196353,0,0,0,0,0,208.473086536926,0,0,208.473086536926,0
2006,"South",18.1428571428571,0,13.4285714285714,0,0,2.14285714285714,0,33.7142857142857,0,0,0,0,0,0,6.28571428571429,0,6.28571428571429,0,56583.4382219873,0,43958.4530452314,0,0,10282.1101057862,0,110824.001373005,0,0,0,0,0,0,18287.3883275665,0,18287.3883275665,0
2006,"West",3.67857142857143,0.0535714285714286,1.14285714285714,12.3035714285714,0.0178571428571429,1.92083333333333,0.375,7.13511904761905,12.3571428571429,0.0178571428571429,0,0.0357142857142857,0,0.107142857142857,8.70785714285714,0.303571428571429,9.17214285714286,0,13133.6499969902,136.086766214465,5666.21732932626,62088.2257462048,63.8433614639849,11884.3012984465,940.157761624647,31688.1697478516,62224.3125124192,603.993199035215,0,289.293700926217,0,73.5139806598038,27911.1908467753,291.839371601062,29169.8310989976,0
2007,"North",4.2,0,2.6,0,2,0,0,8.8,0,0,0,0,0,0,0.142857142857143,0,0.142857142857143,0,26748.6722214022,0,15128.5448931936,0,5149.87373814694,0,0,47027.0908527428,0,0,0,0,0,0,3453.92978793673,0,3453.92978793673,0
2007,"South",0.4,0,2.4,0,0,0,0,2.8,0,0,0,0,0,0,6.14285714285714,0,6.14285714285714,0,1958.23788502975,0,5165.37647407301,0,0,0,0,7123.61435910276,0,0,0,0,0,0,81046.8451827552,0,81046.8451827552,0
2007,"West",0.289285714285714,0.521428571428571,0.414285714285714,1.60714285714286,0.0714285714285714,1.35625,0.364285714285714,2.49553571428571,2.12857142857143,0,0,0.0178571428571429,0,0,1.31913919413919,0.0714285714285714,1.40842490842491,0,2691.32508193815,437.180921753774,4691.13755878895,5973.6680919576,137.359025520785,16842.5526564871,3029.82481836043,27392.1991410954,6410.84901371137,0,0,206.402048772128,0,0,11655.5524366418,504.016052643786,12365.9705380577,0
2008,"North",1.25,1,0,0,1,0.5,0,2.75,1,0,0.333333333333333,0,0,0,0.333333333333333,0,0.333333333333333,0.333333333333333,3973.0211253375,4305.54766650998,0,0,1868.30635504969,10554.1195262553,0,16395.4470066424,4305.54766650998,0,252.783809442808,0,0,0,265.938768405831,0,265.938768405831,252.783809442808
2008,"South",2.16666666666667,0,0,0,0.166666666666667,0.166666666666667,0,2.5,0,0,0,0,0,0,21.3333333333333,0,21.3333333333333,0,9388.3370097127,0,0,0,343.087713218851,452.204832831884,0,10183.6295557634,0,0,0,0,0,0,66408.9659478753,0,66408.9659478753,0
2008,"West",0.854166666666667,1.35416666666667,0.0208333333333333,7.8125,0.208333333333333,1.1125,0.270833333333333,2.46666666666667,9.16666666666667,0.3125,0.0208333333333333,0,0,0.0208333333333333,5.05,0.375,5.75833333333333,0.0208333333333333,6215.28453565359,2683.74935481499,323.405052261322,27033.9736964608,474.172275577216,14182.1508789894,581.625584319876,21776.6383268014,29717.7230512758,2976.80995852141,3.76831446938322,0,0,11.4977766835144,37834.28082503,789.761211592066,41612.349771827,3.76831446938322
2009,"North",3.42857142857143,0,0,0,0.571428571428571,0,0,4,0,0,0,0,0,0,0,0,0,0,14238.8030567625,0,0,0,1673.14290986374,0,0,15911.9459666262,0,0,0,0,0,0,0,0,0,0
2009,"South",3.71428571428571,0,2.42857142857143,0,0,0.285714285714286,0,6.42857142857143,0,0,0,0,0,0,9.71428571428571,0,9.71428571428571,0,19342.6547563947,0,8171.03252729532,0,0,920.799243679545,0,28434.4865273696,0,0,0,0,0,0,38823.1625633907,0,38823.1625633907,0
2009,"West",0.625,0.553571428571429,0,3.25,0.0714285714285714,0.710714285714286,0.410714285714286,1.81785714285714,3.80357142857143,0.160714285714286,0.0535714285714286,0.0178571428571429,0,0,1.3922619047619,0.0714285714285714,1.6422619047619,0.0535714285714286,2757.53215830576,292.442429272007,0,12389.158601986,112.95437654429,8264.97177660022,3011.18644602911,14146.6447574794,12681.6010312581,1000.2192400069,29.5606750902449,91.0166509958942,0,0,7010.51808816156,486.408250936996,8588.16223010135,29.5606750902449
2010,"North",0.857142857142857,0,0.571428571428571,0,3,0.571428571428571,0,5,0,0,0,0,0,0.142857142857143,0.142857142857143,0,0.285714285714286,0,3333.16210176685,0,1652.72804665339,0,4554.59504834002,3411.61642824301,0,12952.1016250033,0,0,0,0,0,92.2665987983752,587.92683643489,0,680.193435233265,0
2010,"South",1.28571428571429,0,3.57142857142857,0,0,0,0,4.85714285714286,0,0,0,0,0,0.142857142857143,19.4285714285714,0,19.5714285714286,0,4592.29621498508,0,7421.54130803381,0,0,0,0,12013.8375230189,0,0,0,0,0,46.8249063742632,31855.7749303506,0,31902.5998367249,0
2010,"West",0.785714285714286,3.53571428571429,0,3.91071428571429,0.0714285714285714,0.473214285714286,0.410714285714286,1.74107142857143,7.44642857142857,0.0178571428571429,0,0,0,0.0178571428571429,3.85714285714286,0,3.89285714285714,0,5558.26043530177,1922.65604404584,0,16520.957568564,83.4049624526599,4265.11487612558,2606.07203264359,12512.8523065236,18443.6136126099,159.829155133794,0,0,0,21.6340045817119,9503.20271007879,0,9684.66586979429,0
2011,"North",3,0,0.375,0,0.375,0.625,0,4.375,0,0,0,0,0,0,1.25,0,1.25,0,6903.41374738977,0,850.636205830387,0,899.796026202379,1766.57314569179,0,10420.4191251143,0,0,0,0,0,0,8555.19375400465,0,8555.19375400465,0
2011,"South",0.5,0,0.125,0,0,0,0,0.625,0,0.5,0,0,0,0,6.57142857142857,0,7.07142857142857,0,1373.72213963142,0,505.826229408288,0,0,0,0,1879.54836903971,0,3838.92863354126,0,0,0,0,39336.3672761139,0,43175.2959096551,0
2011,"West",1.64285714285714,0.339285714285714,0.0535714285714286,0.625,1.01785714285714,1.64285714285714,0.535714285714286,4.89285714285714,0.964285714285714,0.0357142857142857,0.107142857142857,0,0,0.160714285714286,6.125,0.142857142857143,6.46428571428571,0.107142857142857,6859.7548424626,420.428484546805,220.786755041413,2384.93221791292,866.898391669966,4429.75814321393,1773.58293967777,14150.7810720657,2805.36070245972,715.764962494287,58.3258864248898,0,0,87.7578513984533,13730.5314533484,839.502429201814,15373.5566964429,58.3258864248898
2012,"North",8.14285714285714,0,0,0,2.28571428571429,6.5,0,16.9285714285714,0,0,0,0,0,0.142857142857143,0.142857142857143,0,0.285714285714286,0,23773.5411954229,0,0,0,5651.40634408459,5487.47169945543,0,34912.419238963,0,0,0,0,0,99.5480510070932,24.4998114014721,0,124.047862408565,0
2012,"South",4.85714285714286,0,0.571428571428571,0,0,0,0,5.42857142857143,0,0,0,0,0,0,3.42857142857143,0,3.42857142857143,0,24558.0727730245,0,1435.96465872407,0,0,0,0,25994.0374317486,0,0,0,0,0,0,21108.3683101573,0,21108.3683101573,0
2012,"West",1,0.607142857142857,0.0178571428571429,0.928571428571429,0.142857142857143,1.7827380952381,0.25,3.19345238095238,1.53571428571429,0,0.107142857142857,0,0,0.0178571428571429,1.84821428571429,0.0178571428571429,1.88392857142857,0.107142857142857,8449.84629634247,1808.27019856446,236.113906050617,6005.40710560741,371.877684841966,6891.53716582039,1415.77288042988,17365.1479334853,7813.67730417187,0,42.9887417576588,0,0,47.7768278395782,9553.58854933086,502.515299569254,10103.8806767397,42.9887417576588
2013,"North",2,0,0,0,2.42857142857143,0.166666666666667,0,4.59523809523809,0,0,0,0,0,0.142857142857143,0.142857142857143,0,0.285714285714286,0,14983.0654533246,0,0,0,2525.17169034158,1328.89144596335,0,18837.1285896295,0,0,0,0,0,61.3723618319617,27.56137243351,0,88.9337342654717,0
2013,"South",11.4285714285714,0,10.7142857142857,0,0.142857142857143,0.8,0,23.0857142857143,0,0.142857142857143,0,0,0,0,16.1428571428571,0,16.2857142857143,0,39303.7061106503,0,23162.8165165256,0,162.280286802833,954.739048515727,0,63583.5419624944,0,933.591037134012,0,0,0,0,70292.9036071442,0,71226.4946442782,0
2013,"West",0.446428571428571,1.05357142857143,0.196428571428571,3.85714285714286,0.303571428571429,0.441666666666667,0.428571428571429,1.81666666666667,4.91071428571429,0.0535714285714286,0,0.0178571428571429,0,0.0535714285714286,2.41071428571429,0.160714285714286,2.69642857142857,0,4312.1179120482,707.708260623633,2070.88649980381,11340.0980787018,257.978942866352,5559.52519870147,651.092574042234,12851.6011274621,12047.8063393255,353.99057768737,0,122.507707778213,0,42.0319474539669,15508.3233615586,120.057957973119,16146.9115524513,0
2014,"North",1.66666666666667,0.833333333333333,0,0,0.166666666666667,0.2,0,2.03333333333333,0.833333333333333,0,0,0,0,0,0,0,0,0,10973.9548400731,1465.67406311678,0,0,134.527792108324,6125.50784962298,0,17233.9904818044,1465.67406311678,0,0,0,0,0,0,0,0,0
2014,"South",3,0,2.16666666666667,0,0,0,0,5.16666666666667,0,1.66666666666667,0,0,0,0,7.66666666666667,0,9.33333333333333,0,8532.77838677042,0,4418.92660620691,0,0,0,0,12951.7049929773,0,9203.1208564326,0,0,0,0,59902.7060773548,0,69105.8269337874,0
2014,"West",0.958333333333333,1.3125,0.0833333333333333,15.8125,0,0.135416666666667,0.3125,1.48958333333333,17.125,0.0833333333333333,0,0,0,0,0.775,0.0208333333333333,0.879166666666667,0,9481.2722364554,1333.79510536113,1062.45858803963,66765.6366277394,0,1512.05298390669,1287.80674156246,13343.5905499642,68099.4317331005,813.608443961737,0,0,0,0,11398.4562970153,299.169475835997,12511.234216813,0
2015,"North",1,1.83333333333333,0.333333333333333,0,3.66666666666667,0.75,0.166666666666667,5.91666666666667,1.83333333333333,0,0,0,0,0,0.333333333333333,0,0.333333333333333,0,17907.2110685696,1082.78398058787,1052.57163544963,0,4383.85829529232,410.549722422984,1247.26809762066,25001.4588193552,1082.78398058787,0,0,0,0,0,5773.38317738778,0,5773.38317738778,0
2015,"South",0.5,0,2,0,0,0.166666666666667,0,2.66666666666667,0,0,0,0,0,0,1.16666666666667,0,1.16666666666667,0,1792.73295901552,0,5024.97491856266,0,0,368.511428902058,0,7186.21930648024,0,0,0,0,0,0,8938.95544049966,0,8938.95544049966,0
2015,"West",0.428571428571429,0.125,0,16.3035714285714,0,0.717559523809524,0.0714285714285714,1.21755952380952,16.4285714285714,0.0535714285714286,0,0,0,0.0178571428571429,0.550595238095238,0,0.62202380952381,0,15594.5084364998,129.986366074467,0,45724.8686546208,0,14705.7777175554,542.815831935183,30843.1019859904,45854.8550206952,807.874450069957,0,0,0,13.4031213355173,5111.12695371122,0,5932.40452511669,0
2016,"North",8.2,0,0,0,0.2,15.3333333333333,0,23.7333333333333,0,0,0,0,0,0,0.4,0,0.4,0,25093.2076223056,0,0,0,161.433350529989,32925.915753626,0,58180.5567264616,0,0,0,0,0,0,834.618307488178,0,834.618307488178,0
2016,"South",0.75,0,0.25,0,0,0,0,1,0,0,0,0,0,0,7.5,0,7.5,0,1888.56270475103,0,536.582847893537,0,0,0,0,2425.14555264457,0,0,0,0,0,0,35062.4928938647,0,35062.4928938647,0
2016,"West",0.25,0.96875,0,16.53125,0,0.302083333333333,0.0833333333333333,0.635416666666667,17.5,0,0.0416666666666667,0,0,0,1.92708333333333,0,1.92708333333333,0.0416666666666667,4419.46119511448,935.394071787882,0,26023.8720335337,0,2145.88764771859,111.19935700463,6676.54819983771,26959.2661053215,0,23.9804636835254,0,0,0,6770.38620011116,0,6770.38620011116,23.9804636835254
2017,"North",35.2,0,1.6,0,0,2.4,0,39.2,0,0,0,0,0,0,0.25,0,0.25,0,120782.261640565,0,19165.7116759099,0,0,31117.1099698158,0,171065.08328629,0,0,0,0,0,0,1485.78922024906,0,1485.78922024906,0
2017,"South",6.6,0,2.6,0,0,0,0,9.2,0,0,0,0,0,0,3.66666666666667,0,3.66666666666667,0,33137.6622716825,0,13898.6976647624,0,0,0,0,47036.3599364449,0,0,0,0,0,0,63101.1472697477,0,63101.1472697477,0
2017,"West",10.85,0.025,0.575,8,0,2.275,0.275,13.975,8.025,0.55,0,0.025,0,0,3.4125,0.175,4.1625,0,51369.1620341479,49.0762724769499,4222.17419048519,31074.0796593857,0,23905.1844643247,802.303982275283,80298.824671233,31123.1559318627,2517.46357798564,0,63.6556634648505,0,0,40567.7362539652,408.2538131145,43557.1093085302,0
2019,"North",8,0,0,0,0,0,0,8,0,0,0,0,0,0,2,0,2,0,35812.6107899114,0,0,0,0,0,0,35812.6107899114,0,0,0,0,0,0,28587.76639248,0,28587.76639248,0
2019,"South",0,0,0,0,0,0,0,0,0,0.142857142857143,0,0,0,0,4.16666666666667,0,4.30952380952381,0,0,0,0,0,0,0,0,0,0,1077.91654171264,0,0,0,0,37218.7047586459,0,38296.6213003586,0
2019,"West",6.5,0,0,4,0,1.28571428571429,0,7.78571428571429,4,0.785714285714286,0,0,0,0,3.68880952380952,0.303571428571429,4.77809523809524,0,34180.2419306715,0,0,9708.19346276538,0,11400.0059602186,0,45580.2478908902,9708.19346276538,3751.2625517894,0,0,0,0,23413.7906941002,195.149975386513,27360.2032212761,0
2020,"North",55.2,0,3,0,0,0.2,0,58.4,0,0,0,0,0,0,0.4,0,0.4,0,124299.151829339,0,5873.66193962155,0,0,720.747416433789,0,130893.561185394,0,0,0,0,0,0,8582.49227055236,0,8582.49227055236,0
2020,"South",1.4,0,0.4,0,0,0,0,1.8,0,0,0,0,0,0,9.2,0,9.2,0,4715.57123914401,0,809.153695441679,0,0,0,0,5524.72493458569,0,0,0,0,0,0,67174.1608930862,0,67174.1608930862,0
2020,"West",5.525,0.15,0.05,13.55,0,0.291666666666667,0.15,6.01666666666667,13.7,0.25,0,0,0,0,1.1125,0.05,1.4125,0,30304.7677927937,177.645928514656,891.41470118882,43471.0474011167,0,2332.69951490455,537.757568412053,34066.6395772991,43648.6933296313,1355.2759930917,0,0,0,0,15835.761531005,399.178687729549,17590.2162118262,0
2018,"North",NA,NA,NA,NA,NA,NA,NA,NA,NA,0,0,0,0,0,0,0,0,0,NA,NA,NA,NA,NA,NA,NA,NA,NA,0,0,0,0,0,0,0,0,0
2018,"South",NA,NA,NA,NA,NA,NA,NA,NA,NA,0,0,0,0,0,1.33333333333333,0,1.33333333333333,0,NA,NA,NA,NA,NA,NA,NA,NA,NA,0,0,0,0,0,11860.7234172665,0,11860.7234172665,0
2018,"West",NA,NA,NA,NA,NA,NA,NA,NA,NA,0.0416666666666667,0,0.0208333333333333,0,0,2.22083333333333,0.0416666666666667,2.325,0,NA,NA,NA,NA,NA,NA,NA,NA,NA,176.90474132703,0,224.645430409251,0,0,8116.96056030015,218.231596214576,8736.74232825101,0
