Month,Year,Region,Chlorophyll,DIN,DissAmmonia,DissNitrateNitrite,Secchi,Temperature
1,1995,Far West,0.57,0.44999999999999996,0.09,0.36,60.000000000000014,11.04
1,1996,Far West,0.34,0.53,0.11,0.42,32,11
1,1997,Far West,0.6,0.38,0.09,0.29,39.99999999999999,9.34
1,1998,Far West,1.48,0.31,0.01,0.3,62,12.21
1,1999,Far West,1.4,0.43000000000000005,0.1,0.33,90.00000000000001,8.08
1,2000,Far West,1.2301878229155745,0.44000000000000006,0.1,0.34,63.999999999999986,10.92
1,2001,Far West,1.58,0.36,0.12,0.24,77.99999999999999,11.2
1,2002,Far West,2.63,0.61,0.14,0.47,67.99999999999999,11.49
1,2003,Far West,3.43,0.44000000000000006,0.1,0.34,96,12.17
1,2004,Far West,1.4,0.41000000000000003,0.1,0.31,76,11.75
1,2005,Far West,1,0.44,0.11,0.33,84.99999999999999,10.57
1,2006,Far West,0.98,0.43,0.08,0.35,80,11.24
1,2007,Far West,1.19,0.44999999999999996,0.09,0.36,69.99999999999999,9.61
1,2008,Far West,1.69,0.59,0.15,0.44,110.00000000000004,10.24
1,2009,Far West,3.51,0.51,0.1,0.41,90.00000000000001,10.87
1,2010,Far West,1.93,0.42,0.11,0.31,74.00000000000001,11.01
1,2011,Far West,2.1,0.41000000000000003,0.1,0.31,69.99999999999999,10.63
1,2012,Far West,1.98,0.38,0.13,0.25,84.00000000000003,10.52
1,2013,Far West,1.16,0.44999999999999996,0.09,0.36,92,10.8
1,2014,Far West,1.55,0.36,0.11,0.25,135.99999999999997,11.37
1,2015,Far West,1.35,0.33,0.1,0.23,60.000000000000014,13.04
1,2016,Far West,1.49,0.33,0.1,0.23,116,10.72
1,2017,Far West,1.64,0.55,0.14,0.41,39.99999999999999,10.04
1,2018,Far West,1.55,0.54,0.14,0.4,92,11.61
1,2019,Far West,3.07,0.581,0.14,0.441,96,11.67
1,2020,Far West,1.49,0.44,0.14,0.3,104.00000000000004,11.15
2,1995,Far West,0.43,0.42,0.07,0.35,36,12.21
2,1996,Far West,0.99,0.42,0.07,0.35,69.99999999999999,14.04
2,1997,Far West,1.45,0.41000000000000003,0.07,0.34,39.99999999999999,11.98
2,1998,Far West,1.570857866435636,0.49,0.09,0.4,24.000000000000007,11.62
2,1999,Far West,1.2,0.52,0.12,0.4,39.99999999999999,9.42
2,2000,Far West,1.94,0.51,0.11,0.4,44.00000000000001,12.12
2,2001,Far West,2.33,0.38,0.11,0.27,56.00000000000001,11.23
2,2002,Far West,2.32,0.44,0.08,0.36,90.00000000000001,10.69
2,2003,Far West,2.33,0.31,0.05,0.26,135.99999999999997,11.97
2,2004,Far West,2.56,0.42000000000000004,0.08,0.34,72,11.79
2,2005,Far West,1.15,0.48,0.11,0.37,100,12.96
2,2006,Far West,3.97,0.32999999999999996,0.04,0.29,80,11.39
2,2007,Far West,2.18,0.54,0.11,0.43,80,12.11
2,2008,Far West,2.2,0.51,0.08,0.43,74.00000000000001,11.35
2,2009,Far West,2.93,0.6,0.13,0.47,104.00000000000004,11.57
2,2010,Far West,2.66,0.4,0.1,0.3,100,11.94
2,2011,Far West,1.69,0.41000000000000003,0.08,0.33,69.99999999999999,11.8
2,2012,Far West,2.61,0.5,0.12,0.38,100,11.59
2,2013,Far West,2.17,0.4,0.08,0.32,112.00000000000006,12.15
2,2014,Far West,1.53,0.62,0.14,0.48,132,12.53
2,2015,Far West,1.83,0.41000000000000003,0.1,0.31,112.00000000000006,15
2,2016,Far West,1.35,0.41000000000000003,0.08,0.33,96,12.99
2,2017,Far West,2.18,0.47,0.09,0.38,16,11.64
2,2018,Far West,2.82,0.47,0.09,0.38,96,12.76
2,2019,Far West,1.34,0.559,0.109,0.45,32,10.03
2,2020,Far West,1.85,0.44999999999999996,0.1,0.35,119.99999999999991,12.68
3,1995,Far West,1.08,0.36,0.07,0.29,20,12.73
3,1996,Far West,1.19,0.37,0.06,0.31,58.00000000000001,14.16
3,1997,Far West,1.45,0.42000000000000004,0.09,0.33,66,14.13
3,1998,Far West,2.8173109284618305,0.43,0.07,0.36,49.999999999999986,14.5
3,1999,Far West,2.1,0.29,0.05,0.24,44.00000000000001,11.48
3,2000,Far West,2.48,0.3,0.06,0.24,56.00000000000001,13.09
3,2001,Far West,6.66,0.34,0.06,0.28,114.00000000000004,14.49
3,2002,Far West,4.42,0.39,0.08,0.31,54.00000000000001,12.97
3,2003,Far West,7.1,0.16,0.02,0.14,90.00000000000001,14.33
3,2004,Far West,15,0.19999999999999998,0.02,0.18,72,16.68
3,2005,Far West,2.85,0.4,0.07,0.33,76,14.84
3,2006,Far West,2.66,0.32,0.06,0.26,60.000000000000014,12.64
3,2007,Far West,7.37,0.44999999999999996,0.04,0.41,112.00000000000006,13.73
3,2008,Far West,2.05,0.37,0.06,0.31,98,13.65
3,2009,Far West,4.3,0.37,0.05,0.32,96,13.21
3,2010,Far West,2.93,0.41000000000000003,0.08,0.33,92,13.13
3,2011,Far West,5.84,0.41000000000000003,0.09,0.32,90.00000000000001,13.04
3,2012,Far West,1.62,0.67,0.13,0.54,39.99999999999999,12.44
3,2013,Far West,1.66,0.38,0.07,0.31,105.00000000000004,14.64
3,2014,Far West,2.48,0.51,0.1,0.41,92,15.03
3,2015,Far West,1.71,0.26,0.05,0.21,159.99999999999994,15.6
3,2016,Far West,2,0.31,0.04,0.27,100,14.72
3,2017,Far West,1.61,0.41000000000000003,0.07,0.34,56.00000000000001,12.45
3,2018,Far West,1.87,0.45,0.08,0.37,139.99999999999991,12.13
3,2019,Far West,3.83,0.35800000000000004,0.078,0.28,60.000000000000014,13.36
3,2020,Far West,1.91,0.5900000000000001,0.25,0.34,88,12.55
4,1995,Far West,4.99,0.21,0.02,0.19,52.000000000000014,14.93
4,1996,Far West,2.35,0.32,0.06,0.26,63.999999999999986,15.35
4,1997,Far West,7.46,0.45,0.19,0.26,116,15.91
4,1998,Far West,6.1,0.13,0.03,0.1,60.000000000000014,14.78
4,1999,Far West,3.16,0.29000000000000004,0.03,0.26,76,13.14
4,2000,Far West,5.2,0.23,0.03,0.2,76,14.78
4,2001,Far West,4.35,0.33999999999999997,0.05,0.29,118.99999999999996,14.24
4,2002,Far West,3.65,0.32,0.09,0.23,90.00000000000001,14.29
4,2003,Far West,5.12,0.25,0.05,0.2,90.00000000000001,13.74
4,2004,Far West,7.05,0.33,0.06,0.27,54.00000000000001,15.08
4,2005,Far West,4.6,0.31999999999999995,0.03,0.29,90.00000000000001,14.4
4,2006,Far West,2.52,0.24,0.06,0.18,49.999999999999986,14.45
4,2007,Far West,3.36,0.51,0.07,0.44,56.00000000000001,15.46
4,2008,Far West,4.84,0.39,0.06,0.33,90.00000000000001,14.41
4,2009,Far West,2.24,0.51,0.07,0.44,96,16.27
4,2010,Far West,2.21,0.41,0.06,0.35,130.00000000000006,14.4
4,2011,Far West,5.19,0.25,0.03,0.22,63.999999999999986,13.53
4,2012,Far West,3.72,0.54,0.09,0.45,67.99999999999999,14.46
4,2013,Far West,4.19,0.43,0.07,0.36,72,15.27
4,2014,Far West,2.51,0.47000000000000003,0.07,0.4,119.99999999999991,16.41
4,2015,Far West,2.7,0.32,0.07,0.25,104.00000000000004,15.69
4,2016,Far West,2.13,0.21000000000000002,0.07,0.14,152.00000000000003,16.27
4,2017,Far West,2.83,0.31,0.07,0.24,67.99999999999999,13.72
4,2018,Far West,5,0.31,0.06,0.25,96,14.51
4,2019,Far West,4.46,0.25,0.05,0.2,80,15.5
4,2020,Far West,3.812303403145011,0.9320351563075058,0.09893554410477304,0.8330996122027328,105.4085247350799,15.139736735839362
5,1995,Far West,4.42,0.17,0.04,0.13,72,15.76
5,1996,Far West,11.96,0.35,0.14,0.21,60.000000000000014,16.55
5,1997,Far West,6.333213328872434,0.16,0.09,0.07,188.00000000000009,19.07
5,1998,Far West,9.61,0.2,0.04,0.16,39.99999999999999,16.28
5,1999,Far West,5,0.31000000000000005,0.03,0.28,39.99999999999999,15.05
5,2000,Far West,2.15,0.31,0.08,0.23,56.00000000000001,15.24
5,2001,Far West,6.87,0.09,0.01,0.08,75,17.98
5,2002,Far West,3.75,0.35,0.05,0.3,112.00000000000006,15.69
5,2003,Far West,4.41,0.25,0.06,0.19,94,16.49
5,2004,Far West,3,0.42000000000000004,0.09,0.33,94,16.83
5,2005,Far West,4.12,0.33,0.07,0.26,80,18.21
5,2006,Far West,4.29,0.2,0.04,0.16,58.00000000000001,17.23
5,2007,Far West,2.56,0.52,0.08,0.44,96,16.11
5,2008,Far West,3.72,0.45,0.11,0.34,96,16.56
5,2009,Far West,2.71,0.42,0.05,0.37,80,17.23
5,2010,Far West,3.08,0.39,0.06,0.33,52.000000000000014,15.78
5,2011,Far West,4.13,0.29000000000000004,0.06,0.23,39.99999999999999,15.82
5,2012,Far West,2.41,0.38,0.05,0.33,76,16.28
5,2013,Far West,3.77,0.44,0.11,0.33,88,17.06
5,2014,Far West,1.48,0.36,0.07,0.29,96,17.13
5,2015,Far West,2.84,0.43,0.08,0.35,60.000000000000014,15.9
5,2016,Far West,2.14,0.29000000000000004,0.09,0.2,96,19.87
5,2017,Far West,2.67,0.34,0.07,0.27,63.999999999999986,15.37
5,2018,Far West,3.4,0.33999999999999997,0.05,0.29,139.99999999999991,15.99
5,2019,Far West,1.83,0.19,0.09,0.1,80,15.55
5,2020,Far West,3.00290261624569,0.18259340211534414,0.08002993168883377,0.10256347042651036,113.874717348212,15.961669475949536
6,1995,Far West,0.8,0.34,0.06,0.28,69.99999999999999,18.67
6,1996,Far West,1.68,0.41000000000000003,0.09,0.32,62,19.8
6,1997,Far West,1.99,0.57,0.21,0.36,69.00000000000001,19.61
6,1998,Far West,1.7,0.26,0.08,0.18,49.999999999999986,18.93
6,1999,Far West,1.5589291342785163,0.47,0.1,0.37,77.99999999999999,16.38
6,2000,Far West,1.57,0.37,0.08,0.29,100,18.35
6,2001,Far West,2.41,0.37,0.08,0.29,137.99999999999997,19.28
6,2002,Far West,3.39,0.39,0.06,0.33,94,19.1
6,2003,Far West,3.82,0.23,0.04,0.19,116,16.58
6,2004,Far West,1.8,0.43000000000000005,0.1,0.33,72,18.35
6,2005,Far West,1.69,0.33,0.05,0.28,82.00000000000001,17.07
6,2006,Far West,7.69,0.26,0.03,0.23,60.000000000000014,18.78
6,2007,Far West,2.3,0.54,0.1,0.44,67.99999999999999,17.51
6,2008,Far West,4.72,0.46,0.07,0.39,108.00000000000004,18.83
6,2009,Far West,1.69,0.38,0.1,0.28,116,18.28
6,2010,Far West,3.72,0.34,0.06,0.28,76,18
6,2011,Far West,2.23,0.35,0.09,0.26,96,16.36
6,2012,Far West,3.35,0.48,0.06,0.42,63.999999999999986,18.16
6,2013,Far West,4.23,0.42000000000000004,0.08,0.34,92,18.18
6,2014,Far West,2.61,0.43,0.06,0.37,88,18.11
6,2015,Far West,2.88,0.48,0.09,0.39,90.00000000000001,19.39
6,2016,Far West,3.12,0.25,0.08,0.17,47.99999999999999,18.65
6,2017,Far West,2.79,0.36,0.04,0.32,92,17.19
6,2018,Far West,3.46,0.38999999999999996,0.04,0.35,96,18.26
6,2019,Far West,2.98,0.308,0.06,0.248,96,18.35
6,2020,Far West,4.58,0.304,0.05,0.254,116,18.41
7,1995,Far West,1.95,0.27,0.06,0.21,84.99999999999999,19.15
7,1996,Far West,8.75,0.62,0.31,0.31,52.000000000000014,20.11
7,1997,Far West,3.38,0.62,0.14,0.48,80,20.2
7,1998,Far West,2.31,0.29,0.05,0.24,31.000000000000007,18.04
7,1999,Far West,1.71,0.47000000000000003,0.07,0.4,52.000000000000014,17.99
7,2000,Far West,1.52,0.47,0.15,0.32,80,19.02
7,2001,Far West,2.69,0.33999999999999997,0.04,0.3,118.00000000000009,18.31
7,2002,Far West,2.12,0.5,0.07,0.43,90.00000000000001,18.48
7,2003,Far West,4.02,0.33,0.02,0.31,139.99999999999991,19.59
7,2004,Far West,1.53,0.54,0.12,0.42,63.999999999999986,19.14
7,2005,Far West,2.45,0.33,0.06,0.27,101.99999999999996,20.34
7,2006,Far West,5.86,0.37,0.07,0.3,72,20.94
7,2007,Far West,3.56,0.51,0.04,0.47,72,21.47
7,2008,Far West,2.13,0.49,0.11,0.38,135.99999999999997,19.22
7,2009,Far West,7.9,0.2,0.01,0.19,119.99999999999991,20.55
7,2010,Far West,3.2,0.38,0.05,0.33,92,19.43
7,2011,Far West,5.01,0.26,0.03,0.23,92,17.81
7,2012,Far West,3.8,0.49,0.08,0.41,76,18.62
7,2013,Far West,3.46,0.41,0.06,0.35,119.99999999999991,19.15
7,2014,Far West,2.77,0.49,0.07,0.42,47.99999999999999,18.92
7,2015,Far West,2.31,0.37,0.07,0.3,83.67989856957645,20
7,2016,Far West,2.9,0.26,0.06,0.2,92,18.99
7,2017,Far West,2.21,0.41,0.12,0.29,47.99999999999999,17.7
7,2018,Far West,3.15,0.41000000000000003,0.08,0.33,84.00000000000003,18.66
7,2019,Far West,1.48,0.32,0.079,0.241,80,18.2
7,2020,Far West,3.05,0.28,0.05,0.23,112.00000000000006,18.59
8,1995,Far West,14.53,0.05,0.02,0.03,80,20.79
8,1996,Far West,3.84,0.51,0.13,0.38,72,19.06
8,1997,Far West,5.34,0.49,0.15,0.34,99,19.9
8,1998,Far West,1.83,0.32,0.09,0.23,59,20.64
8,1999,Far West,1.29,0.43,0.07,0.36,62,18.1
8,2000,Far West,2.52,0.45,0.07,0.38,80,19.54
8,2001,Far West,2.13,0.32,0.05,0.27,114.00000000000004,19.18
8,2002,Far West,2.01,0.35,0.04,0.31,130.00000000000006,18.77
8,2003,Far West,3.35,0.30000000000000004,0.02,0.28,119.99999999999991,20.81
8,2004,Far West,2.34,0.37,0.05,0.32,100,20.11
8,2005,Far West,3.25,0.27999999999999997,0.04,0.24,119.99999999999991,20
8,2006,Far West,2.05,0.37,0.1,0.27,80,19.98
8,2007,Far West,6.28,0.28,0.01,0.27,112.00000000000006,20.32
8,2008,Far West,3.23,0.49,0.06,0.43,104.00000000000004,18.86
8,2009,Far West,2.74,0.25,0.05,0.2,60.000000000000014,18.89
8,2010,Far West,3.36,0.4,0.08,0.32,92,18.38
8,2011,Far West,3.02,0.33,0.06,0.27,104.00000000000004,18.61
8,2012,Far West,2.24,0.35,0.06,0.29,104.00000000000004,19.07
8,2013,Far West,2.46,0.43000000000000005,0.09,0.34,104.00000000000004,19.81
8,2014,Far West,2.21,0.34,0.08,0.26,84.00000000000003,19.94
8,2015,Far West,1.71,0.24,0.05,0.19,60.000000000000014,20.99
8,2016,Far West,2.83,0.42,0.07,0.35,116,19.3
8,2017,Far West,1.49,0.43,0.12,0.31,56.00000000000001,18.46
8,2018,Far West,3.25,0.41000000000000003,0.07,0.34,76,18.16
8,2019,Far West,1.4,0.271,0.067,0.204,108.00000000000004,20.06
8,2020,Far West,1.6,0.24000000000000002,0.07,0.17,100,19.99
9,1995,Far West,2.92,0.32,0.07,0.25,56.00000000000001,20.94
9,1996,Far West,1.53,0.44,0.14,0.3,63.999999999999986,17.8
9,1997,Far West,3.96,0.24000000000000002,0.1,0.14,135.99999999999997,21.26
9,1998,Far West,4.09,0.28,0.06,0.22,82.00000000000001,19.48
9,1999,Far West,2.4,0.24,0.02,0.22,139.99999999999991,17.58
9,2000,Far West,6.35,0.28,0.02,0.26,104.00000000000004,18.35
9,2001,Far West,2.37,0.38,0.06,0.32,96,18.35
9,2002,Far West,2.13,0.27,0.04,0.23,112.00000000000006,18.3
9,2003,Far West,2.51,0.32,0.06,0.26,135.99999999999997,19.62
9,2004,Far West,3.59,0.13,0.04,0.09,134,19.31
9,2005,Far West,3.04,0.22999999999999998,0.02,0.21,122.00000000000004,18.4
9,2006,Far West,1.75,0.4,0.08,0.32,52.000000000000014,18.38
9,2007,Far West,3.91,0.3,0.04,0.26,100,18.78
9,2008,Far West,4.52,0.35,0.05,0.3,108.00000000000004,19.85
9,2009,Far West,2.62,0.34,0.06,0.28,90.00000000000001,19.2
9,2010,Far West,3.16,0.35,0.06,0.29,135.99999999999997,18.45
9,2011,Far West,3.76,0.19999999999999998,0.02,0.18,100,18.46
9,2012,Far West,2.57,0.38,0.04,0.34,119.99999999999991,18.54
9,2013,Far West,4.2,0.54,0.08,0.46,112.00000000000006,18.54
9,2014,Far West,1.93,0.32,0.04,0.28,123.99999999999994,20.6
9,2015,Far West,1.56,0.27,0.05,0.22,123.99999999999994,19.55
9,2016,Far West,1.42,0.37,0.05,0.32,119.99999999999991,18.34
9,2017,Far West,1.46,0.36,0.09,0.27,76,19.19
9,2018,Far West,3.52,0.37,0.05,0.32,112.00000000000006,18.28
9,2019,Far West,2.79,0.265,0.053,0.212,127.99999999999994,19.7
9,2020,Far West,1.78,0.29,0.08,0.21,104.00000000000004,18.46
10,1995,Far West,4.21,0.23,0.04,0.19,180.00000000000003,17.12
10,1996,Far West,0.91,0.35,0.09,0.26,88,15.93
10,1997,Far West,1.4,0.28,0.13,0.15,98,18.02
10,1998,Far West,2.3,0.36,0.09,0.27,112.00000000000006,16.62
10,1999,Far West,3.06,0.2,0.04,0.16,122.00000000000004,17.79
10,2000,Far West,4,0.23,0.06,0.17,127.99999999999994,18.19
10,2001,Far West,2.47,0.38,0.1,0.28,118.00000000000009,17.54
10,2002,Far West,1.89,0.29,0.05,0.24,130.00000000000006,17.11
10,2003,Far West,2.78,0.33,0.05,0.28,123.99999999999994,17.64
10,2004,Far West,1.57,0.38,0.11,0.27,132,15.75
10,2005,Far West,2.72,0.33,0.07,0.26,119.99999999999991,16.32
10,2006,Far West,1.64,0.38,0.08,0.3,84.00000000000003,17.06
10,2007,Far West,3.86,0.4,0.06,0.34,116,16.51
10,2008,Far West,2.9,0.35,0.05,0.3,114.00000000000004,19.07
10,2009,Far West,1.85,0.36,0.07,0.29,107.08751505975783,15.76
10,2010,Far West,2.26,0.37,0.06,0.31,130.00000000000006,17.06
10,2011,Far West,8.01,0.22000000000000003,0.05,0.17,180.00000000000003,18.19
10,2012,Far West,2.29,0.37,0.07,0.3,175.99999999999991,17.68
10,2013,Far West,1.7,0.44999999999999996,0.1,0.35,96,16.76
10,2014,Far West,2.18,0.3,0.05,0.25,84.00000000000003,20.03
10,2015,Far West,2.01,0.26,0.03,0.23,180.00000000000003,19.51
10,2016,Far West,1.55,0.42,0.12,0.3,119.99999999999991,16.34
10,2017,Far West,1.2,0.39,0.07,0.32,104.00000000000004,15.88
10,2018,Far West,2.91,0.32,0.06,0.26,132,17.32
10,2019,Far West,2.09,15.2,0.2,15,203.99999999999991,17.16
10,2020,Far West,2.76,0.29,0.05,0.24,116,18.32
11,1995,Far West,1.53,0.15,0.06,0.09,190.00000000000009,15.26
11,1996,Far West,0.6,0.48,0.16,0.32,63.999999999999986,13.98
11,1997,Far West,0.49,0.43,0.19,0.24,60.000000000000014,16.27
11,1998,Far West,1,0.44,0.13,0.31,116,13.59
11,1999,Far West,1.75,0.39,0.14,0.25,76,14.32
11,2000,Far West,1.88,0.42000000000000004,0.14,0.28,110.00000000000004,14.92
11,2001,Far West,2.54,0.35,0.1,0.25,92,15.07
11,2002,Far West,2.83,0.38,0.09,0.29,116,15.28
11,2003,Far West,2.11,0.43,0.11,0.32,116,14.4
11,2004,Far West,2.34,0.33999999999999997,0.1,0.24,116,13.9
11,2005,Far West,2.82,0.43,0.11,0.32,116,14.74
11,2006,Far West,1.43,0.4,0.1,0.3,101.99999999999996,15.35
11,2007,Far West,1.92,0.47000000000000003,0.08,0.39,130.00000000000006,15.25
11,2008,Far West,1.85,0.45999999999999996,0.1,0.36,76,15.14
11,2009,Far West,2.29,0.4,0.1,0.3,90.00000000000001,15.55
11,2010,Far West,2.52,0.39,0.1,0.29,139.99999999999991,15.25
11,2011,Far West,1.95,0.35,0.1,0.25,100,13.36
11,2012,Far West,1.74,0.39,0.11,0.28,139.99999999999991,16.11
11,2013,Far West,1.87,0.48,0.11,0.37,116,14.51
11,2014,Far West,1.93,0.37,0.05,0.32,100,16.03
11,2015,Far West,1.52,0.33,0.06,0.27,167.99999999999997,17.23
11,2016,Far West,2.01,0.39,0.08,0.31,200.00000000000009,16.87
11,2017,Far West,1.08,0.44,0.12,0.32,132,14.44
11,2018,Far West,1.79,0.499,0.087,0.412,92,12.98
11,2019,Far West,2.11,15.11,0.11,15,155.99999999999994,13.98
11,2020,Far West,2.46,0.275,0.09,0.185,84.00000000000003,14.25
12,1995,Far West,0.51,0.47,0.12,0.35,56.00000000000001,14.01
12,1996,Far West,0.51,0.47000000000000003,0.13,0.34,76,11.6
12,1997,Far West,0.79,0.47,0.17,0.3,60.000000000000014,13.2
12,1998,Far West,1.9,0.4,0.1,0.3,80,11.42
12,1999,Far West,1.98,0.46,0.12,0.34,56.00000000000001,11.76
12,2000,Far West,1.73,0.44000000000000006,0.17,0.27,76,11.25
12,2001,Far West,1.27,0.52,0.18,0.34,37.99999999999999,12.27
12,2002,Far West,2,0.35,0.09,0.26,130.00000000000006,13.33
12,2003,Far West,1.63,0.5,0.14,0.36,88,11.69
12,2004,Far West,0.38,0.45,0.12,0.33,123.99999999999994,11.91
12,2005,Far West,4.2,0.6,0.17,0.43,85.99999999999999,12.22
12,2006,Far West,1.51,0.5,0.11,0.39,80,12.61
12,2007,Far West,2.13,0.51,0.1,0.41,119.99999999999991,11.37
12,2008,Far West,2.18,0.48,0.1,0.38,114.00000000000004,12.73
12,2009,Far West,2.24,0.47,0.11,0.36,72,10.52
12,2010,Far West,2.31,0.49,0.13,0.36,96,11.91
12,2011,Far West,1.6,0.37,0.12,0.25,112.00000000000006,11.12
12,2012,Far West,1.98,0.36000000000000004,0.08,0.28,92,14
12,2013,Far West,1.86,0.39,0.1,0.29,100,10.07
12,2014,Far West,1.43,0.51,0.1,0.41,100,14.19
12,2015,Far West,2.16,0.32999999999999996,0.04,0.29,155.99999999999994,12.42
12,2016,Far West,1.36,0.42000000000000004,0.09,0.33,84.00000000000003,12.25
12,2017,Far West,2.02,0.46,0.12,0.34,123.99999999999994,11.93
12,2018,Far West,2.14,0.40099999999999997,0.105,0.296,135.99999999999997,13.11
12,2019,Far West,1.77,0.35,0.2,0.15,100,12.47
12,2020,Far West,NA,NA,NA,NA,NA,NA
1,1995,North,0.91,0.38,0.04,0.34,20,11.15
1,1996,North,0.86,0.45,0.06,0.39,24.000000000000007,9.76
1,1997,North,0.3602558519980093,0.24000000000000002,0.04,0.2,24.000000000000007,9.06
1,1998,North,0.31,0.47000000000000003,0.01,0.46,39.99999999999999,8.67
1,1999,North,1.7,0.48,0.13,0.35,72,7.39
1,2000,North,1.23,0.54,0.16,0.38,56.00000000000001,10.31
1,2001,North,0.92,0.5900000000000001,0.19,0.4,58.00000000000001,10.32
1,2002,North,1.07,0.44,0.12,0.32,17.999999999999996,11.4
1,2003,North,0.74,0.43,0.13,0.3,36,10.98
1,2004,North,1.54,0.48,0.11,0.37,36,10.47
1,2005,North,0.66,0.53,0.09,0.44,29.999999999999996,8.39
1,2006,North,3.07,0.31,0.04,0.27,29.999999999999996,9.62
1,2007,North,0.77,0.75,0.2,0.55,56.00000000000001,7.4
1,2008,North,1.26,0.9099999999999999,0.19,0.72,24.000000000000007,8.79
1,2009,North,1.77,0.89,0.23,0.66,49.999999999999986,9.05
1,2010,North,1.15,0.76,0.21,0.55,60.000000000000014,9.25
1,2011,North,0.88,0.37,0.09,0.28,52.000000000000014,8.51
1,2012,North,0.85,0.6799999999999999,0.2,0.48,72,8.95
1,2013,North,1.03,0.58,0.15,0.43,60.000000000000014,7.5
1,2014,North,1.08,0.86,0.27,0.59,56.00000000000001,9.38
1,2015,North,0.45,0.81,0.16,0.65,49.999999999999986,10.07
1,2016,North,1.55,0.85,0.21,0.64,60.000000000000014,8.98
1,2017,North,1.92,0.37,0.11,0.26,32,8.82
1,2018,North,0.94,0.6799999999999999,0.21,0.47,72,9.94
1,2019,North,1.11,6.323,0.253,6.07,56.00000000000001,9.04
1,2020,North,1.35,0.66,0.15,0.51,39.99999999999999,9.44
2,1995,North,1.37,0.34,0.02,0.32,21.999999999999996,11.76
2,1996,North,0.82,0.29,0.04,0.25,32,12.56
2,1997,North,1.82,0.39,0.05,0.34,32,11.56
2,1998,North,0.1550442818049435,0.33,0.05,0.28,15,10.86
2,1999,North,1.2,0.43,0.07,0.36,24.000000000000007,8.96
2,2000,North,1.69,0.46,0.07,0.39,21.999999999999996,11.58
2,2001,North,0.98,0.6,0.19,0.41,37.99999999999999,9.72
2,2002,North,1.44,0.63,0.17,0.46,34,9
2,2003,North,1.33,0.4,0.1,0.3,52.000000000000014,10.56
2,2004,North,1.09,0.61,0.2,0.41,42.000000000000014,10.37
2,2005,North,0.76,0.63,0.14,0.49,52.000000000000014,12.02
2,2006,North,2.39,0.31,0.08,0.23,56.00000000000001,10.72
2,2007,North,1.31,0.67,0.23,0.44,56.00000000000001,11.17
2,2008,North,1.4,0.71,0.1,0.61,21.999999999999996,9.41
2,2009,North,1.46,0.79,0.27,0.52,63.999999999999986,10.52
2,2010,North,0.94,0.54,0.13,0.41,28,11.22
2,2011,North,1.42,0.52,0.14,0.38,63.999999999999986,10.72
2,2012,North,1.38,0.6900000000000001,0.14,0.55,32,11.33
2,2013,North,2,0.5700000000000001,0.17,0.4,46.00000000000001,10.48
2,2014,North,1.36,0.9099999999999999,0.19,0.72,88,9.75
2,2015,North,1.9,0.7,0.22,0.48,24.000000000000007,13.71
2,2016,North,1.29,0.55,0.12,0.43,34,10.57
2,2017,North,7.21,0.35,0.05,0.3,20,11.5
2,2018,North,2.35,0.68,0.13,0.55,52.000000000000014,11.78
2,2019,North,1.1,0.54,0.1,0.44,47.99999999999999,9.6
2,2020,North,2.46,0.6,0.13,0.47,39.99999999999999,11.33
3,1995,North,1.19,0.25,0.04,0.21,24.000000000000007,11.92
3,1996,North,2.28,0.33999999999999997,0.04,0.3,24.000000000000007,13.52
3,1997,North,1.71,0.42000000000000004,0.1,0.32,60.000000000000014,14.73
3,1998,North,0.4005102230324637,0.4,0.06,0.34,36,11.53
3,1999,North,3.1,0.15,0.03,0.12,36,9.53
3,2000,North,2.56,0.2,0.03,0.17,42.000000000000014,14.66
3,2001,North,2.07,0.45999999999999996,0.11,0.35,24.000000000000007,15.54
3,2002,North,1.75,0.56,0.13,0.43,36,13.58
3,2003,North,2.97,0.44,0.12,0.32,52.000000000000014,14.24
3,2004,North,4.94,0.28,0.05,0.23,52.000000000000014,16.33
3,2005,North,1.72,0.53,0.13,0.4,63.999999999999986,15.43
3,2006,North,6.3,0.2,0.03,0.17,36,10.88
3,2007,North,1.86,0.38,0.1,0.28,66,14.15
3,2008,North,1.27,0.66,0.1,0.56,24.000000000000007,13.7
3,2009,North,1,0.53,0.14,0.39,44.00000000000001,14.07
3,2010,North,1.01,0.45999999999999996,0.1,0.36,32,11.93
3,2011,North,1.61,0.37,0.09,0.28,76,12.61
3,2012,North,1.54,0.69,0.12,0.57,39.99999999999999,12.69
3,2013,North,30.54,0.39,0.07,0.32,47.99999999999999,14.78
3,2014,North,1.72,0.8,0.18,0.62,44.00000000000001,15.2
3,2015,North,9.87,0.75,0.11,0.64,39.99999999999999,16.06
3,2016,North,4.19,0.5900000000000001,0.13,0.46,67.99999999999999,15.42
3,2017,North,1.5,0.36,0.05,0.31,32,10.85
3,2018,North,7.66,0.65,0.16,0.49,52.000000000000014,11.89
3,2019,North,1.5,0.33,0.06,0.27,24.000000000000007,11.5
3,2020,North,4.14,0.5800000000000001,0.13,0.45,63.999999999999986,13.31
4,1995,North,3.29,0.21,0.03,0.18,37.99999999999999,14.47
4,1996,North,2.87,0.29,0.05,0.24,63.999999999999986,15.67
4,1997,North,2.56,0.4,0.06,0.34,37.99999999999999,17.47
4,1998,North,3.35,0.33,0.06,0.27,57.00000000000001,16.18
4,1999,North,2.53,0.33999999999999997,0.1,0.24,47.99999999999999,11.77
4,2000,North,3.43,0.38,0.12,0.26,39.99999999999999,16.69
4,2001,North,3.52,0.56,0.16,0.4,45,17.09
4,2002,North,4.16,0.44999999999999996,0.09,0.36,32,15.87
4,2003,North,5.36,0.43999999999999995,0.09,0.35,39.99999999999999,15.61
4,2004,North,4.52,0.28,0.08,0.2,52.000000000000014,15.95
4,2005,North,1.89,0.4,0.12,0.28,60.000000000000014,15.63
4,2006,North,3.39,0.15,0.02,0.13,47.99999999999999,14.46
4,2007,North,3.64,0.55,0.1,0.45,47.99999999999999,16.07
4,2008,North,7.48,0.6499999999999999,0.08,0.57,29.999999999999996,15.87
4,2009,North,2.81,0.53,0.13,0.4,39.99999999999999,15.21
4,2010,North,3.3,0.52,0.13,0.39,63.999999999999986,14.43
4,2011,North,3.72,0.13,0.03,0.1,67.99999999999999,13.58
4,2012,North,2.07,0.43999999999999995,0.09,0.35,44.00000000000001,14.59
4,2013,North,7.17,0.37,0.06,0.31,24.000000000000007,16.61
4,2014,North,5.34,0.75,0.13,0.62,36,16.78
4,2015,North,1.21,0.55,0.12,0.43,56.00000000000001,17.27
4,2016,North,4.24,0.42000000000000004,0.14,0.28,32,17.06
4,2017,North,2.42,0.28,0.05,0.23,84.00000000000003,14.7
4,2018,North,1.79,0.37,0.11,0.26,88,16.03
4,2019,North,2.07,0.243,0.06,0.183,80,15.13
4,2020,North,0.5389168008324177,0.5970881877798986,0.09676522645900826,0.5003229613208903,67.3741406982169,15.684411154484025
5,1995,North,5,0.08,0.02,0.06,39.99999999999999,13.48
5,1996,North,2.17,0.29,0.04,0.25,56.00000000000001,19.5
5,1997,North,2.18,0.5900000000000001,0.05,0.54,29.999999999999996,21.45
5,1998,North,1.57,0.3,0.05,0.25,36.99999999999999,15.43
5,1999,North,2.92,0.35,0.09,0.26,36,16.4
5,2000,North,3.45,0.30000000000000004,0.07,0.23,37.99999999999999,16.03
5,2001,North,5.76,0.43,0.06,0.37,34,19.71
5,2002,North,9.44,0.4,0.06,0.34,21.999999999999996,16.66
5,2003,North,3.7,0.21000000000000002,0.04,0.17,42.000000000000014,16.7
5,2004,North,3.1,0.36,0.06,0.3,29.999999999999996,19.79
5,2005,North,1.77,0.27,0.07,0.2,49.999999999999986,17.5
5,2006,North,1.92,0.19,0.05,0.14,54.00000000000001,18.63
5,2007,North,1.78,0.56,0.06,0.5,39.99999999999999,18.85
5,2008,North,3.36,0.54,0.08,0.46,21.999999999999996,17.83
5,2009,North,3.24,0.31,0.05,0.26,39.99999999999999,19.89
5,2010,North,5.19,0.29,0.05,0.24,58.00000000000001,17.08
5,2011,North,3.92,0.13,0.03,0.1,88,16.69
5,2012,North,4.06,0.27999999999999997,0.04,0.24,52.000000000000014,18.72
5,2013,North,3.08,0.54,0.09,0.45,24.000000000000007,19.93
5,2014,North,1.76,0.74,0.06,0.68,24.000000000000007,18.19
5,2015,North,1.4,0.66,0.1,0.56,24.000000000000007,17.83
5,2016,North,57.34,0.18000000000000002,0.01,0.17,28,18.74
5,2017,North,2.54,0.18,0.06,0.12,76,17.18
5,2018,North,4,0.46,0.07,0.39,52.000000000000014,17.96
5,2019,North,1.88,0.23199999999999998,0.08,0.152,67.99999999999999,17.95
5,2020,North,0.3453705910910739,0.5432235814942056,0.06535351167528744,0.4778700698189181,51.37100013831787,18.683963082886773
6,1995,North,2.01,0.19,0.04,0.15,60.000000000000014,19.45
6,1996,North,1.81,0.23,0.06,0.17,44.00000000000001,21.47
6,1997,North,2.53,0.51,0.04,0.47,63.999999999999986,21.51
6,1998,North,1.59,0.2,0.05,0.15,41.00000000000001,18.75
6,1999,North,3.18,0.39,0.08,0.31,39.000000000000014,17.78
6,2000,North,3.12,0.43999999999999995,0.03,0.41,24.000000000000007,19.07
6,2001,North,4.16,0.62,0.04,0.58,36,21.98
6,2002,North,4.93,0.53,0.04,0.49,24.000000000000007,21.85
6,2003,North,2.72,0.25,0.05,0.2,29.999999999999996,19.3
6,2004,North,1.69,0.52,0.06,0.46,39.99999999999999,20.51
6,2005,North,2.41,0.25,0.07,0.18,69.99999999999999,19.69
6,2006,North,2.61,0.3,0.06,0.24,39.99999999999999,23.11
6,2007,North,2.1,0.64,0.05,0.59,32,18.85
6,2008,North,3.18,0.69,0.06,0.63,60.000000000000014,19.46
6,2009,North,4.9,0.37,0.05,0.32,39.99999999999999,19.7
6,2010,North,2.82,0.22,0.06,0.16,58.00000000000001,19.61
6,2011,North,1.46,0.2,0.06,0.14,92,16.68
6,2012,North,1.85,0.49,0.07,0.42,47.99999999999999,20.38
6,2013,North,2.16,0.56,0.03,0.53,24.000000000000007,20.38
6,2014,North,1.45,0.68,0.04,0.64,47.99999999999999,20.39
6,2015,North,3.39,0.6399999999999999,0.06,0.58,49.999999999999986,20.87
6,2016,North,4.59,0.32,0.06,0.26,24.000000000000007,20.12
6,2017,North,2.5,3.74,0.06,3.68,84.00000000000003,19.47
6,2018,North,2.61,0.46,0.06,0.4,44.00000000000001,21.26
6,2019,North,1.4,0.2,0.05,0.15,84.00000000000003,20.65
6,2020,North,1.7,0.42,0.05,0.37,36,20.59
7,1995,North,2.13,0.16999999999999998,0.05,0.12,44.00000000000001,21.62
7,1996,North,2.69,0.27,0.04,0.23,36,21.61
7,1997,North,2.52,0.32,0.05,0.27,32,22.05
7,1998,North,2.58,0.27,0.04,0.23,41.00000000000001,23.8
7,1999,North,2.6,0.34,0.06,0.28,24.000000000000007,22.11
7,2000,North,2.75,0.38999999999999996,0.04,0.35,29.999999999999996,20.5
7,2001,North,1.58,0.51,0.06,0.45,37.99999999999999,20.64
7,2002,North,2.12,0.53,0.05,0.48,36,21.95
7,2003,North,2.58,0.29,0.04,0.25,44.00000000000001,23.33
7,2004,North,1.48,0.47,0.05,0.42,39.99999999999999,21.29
7,2005,North,3.45,0.27999999999999997,0.04,0.24,47.99999999999999,22.97
7,2006,North,1.99,0.31000000000000005,0.03,0.28,32,23.75
7,2007,North,1.43,0.45999999999999996,0.05,0.41,42.000000000000014,21.38
7,2008,North,1.57,0.61,0.04,0.57,49.999999999999986,22.41
7,2009,North,2.71,0.35,0.06,0.29,44.00000000000001,22.1
7,2010,North,3.31,0.26,0.03,0.23,39.99999999999999,20.9
7,2011,North,3.28,0.18000000000000002,0.04,0.14,72,22.4
7,2012,North,5.14,0.31999999999999995,0.03,0.29,39.99999999999999,22.13
7,2013,North,2.81,0.32999999999999996,0.03,0.3,60.000000000000014,21.22
7,2014,North,0.87,0.49,0.03,0.46,67.99999999999999,21.7
7,2015,North,2.82,0.52,0.04,0.48,47.99999999999999,20.95
7,2016,North,3.83,0.22000000000000003,0.05,0.17,56.00000000000001,22.23
7,2017,North,24.93,0.09000000000000001,0.02,0.07,47.99999999999999,22.89
7,2018,North,2.94,0.43,0.07,0.36,47.99999999999999,21.8
7,2019,North,2.79,0.273,0.05,0.223,47.99999999999999,21.97
7,2020,North,2.12,0.305,0.05,0.255,84.00000000000003,22.53
8,1995,North,2.33,0.23,0.03,0.2,32,22.46
8,1996,North,2.18,0.18,0.03,0.15,46.00000000000001,22.5
8,1997,North,1.68,0.17,0.03,0.14,39.99999999999999,21.46
8,1998,North,3.73,0.26,0.04,0.22,37.99999999999999,23.46
8,1999,North,2.5,0.26,0.05,0.21,28,20.46
8,2000,North,1.31,0.28,0.03,0.25,24.000000000000007,21.57
8,2001,North,1.77,0.41000000000000003,0.07,0.34,44.00000000000001,20.28
8,2002,North,1.72,0.38,0.05,0.33,37.99999999999999,21.19
8,2003,North,2.66,0.26,0.06,0.2,34,21.44
8,2004,North,1.71,0.32,0.05,0.27,60.000000000000014,21.24
8,2005,North,1.86,0.32999999999999996,0.03,0.3,49.999999999999986,22.25
8,2006,North,2.67,0.26,0.04,0.22,29.999999999999996,21.2
8,2007,North,1.79,0.35000000000000003,0.07,0.28,65.00000000000001,22.31
8,2008,North,1.22,0.37,0.03,0.34,84.00000000000003,20.76
8,2009,North,1.07,0.19,0.03,0.16,60.000000000000014,21.56
8,2010,North,3.86,0.25,0.02,0.23,47.99999999999999,19.89
8,2011,North,5.16,0.22999999999999998,0.02,0.21,67.99999999999999,20.87
8,2012,North,3.92,0.22,0.04,0.18,36,21.59
8,2013,North,2.7,0.27,0.04,0.23,44.00000000000001,21.14
8,2014,North,2,0.41000000000000003,0.01,0.4,39.99999999999999,21.08
8,2015,North,2.51,0.37,0.01,0.36,67.99999999999999,20.85
8,2016,North,4.46,0.22,0.03,0.19,39.99999999999999,21.15
8,2017,North,2.45,0.31,0.05,0.26,56.00000000000001,22.13
8,2018,North,2.02,0.374,0.094,0.28,67.99999999999999,21.7
8,2019,North,3.97,0.261,0.05,0.211,56.00000000000001,22.51
8,2020,North,3.94,0.20700000000000002,0.05,0.157,80,21.44
9,1995,North,3.35,0.2,0.04,0.16,63.999999999999986,21.48
9,1996,North,0.85,0.26,0.04,0.22,39.99999999999999,19.47
9,1997,North,1.54,0.29000000000000004,0.03,0.26,44.00000000000001,22.17
9,1998,North,3.07,0.23,0.04,0.19,33,21.18
9,1999,North,2.1,0.35,0.06,0.29,36,17.9
9,2000,North,2.26,0.33,0.05,0.28,35,20.71
9,2001,North,1.19,0.44999999999999996,0.04,0.41,34,20.12
9,2002,North,0.99,0.3,0.04,0.26,46.00000000000001,19.59
9,2003,North,1.93,0.31,0.04,0.27,32,21.41
9,2004,North,1.07,0.33999999999999997,0.05,0.29,69.99999999999999,20.16
9,2005,North,1.54,0.31,0.06,0.25,56.00000000000001,19.64
9,2006,North,1.38,0.32,0.05,0.27,32,20.55
9,2007,North,2.02,0.37,0.06,0.31,72,19.72
9,2008,North,2.17,0.43,0.06,0.37,76,22.82
9,2009,North,1.44,0.29,0.05,0.24,90.00000000000001,21.76
9,2010,North,2.51,0.27,0.03,0.24,67.99999999999999,19.78
9,2011,North,4.27,0.24000000000000002,0.04,0.2,63.999999999999986,21.32
9,2012,North,2.08,0.32,0.04,0.28,56.00000000000001,20.06
9,2013,North,1.56,0.37,0.05,0.32,39.99999999999999,19.84
9,2014,North,2.84,0.42000000000000004,0.03,0.39,69.99999999999999,21.36
9,2015,North,1.4,0.45,0.01,0.44,63.999999999999986,21.16
9,2016,North,1.67,0.38,0.07,0.31,44.00000000000001,19.18
9,2017,North,1.9,0.35,0.06,0.29,56.00000000000001,23.27
9,2018,North,2.01,0.32,0.06,0.26,56.00000000000001,20.35
9,2019,North,2.3,0.273,0.05,0.223,47.99999999999999,21.98
9,2020,North,1.13,0.274,0.06,0.214,123.99999999999994,20.93
10,1995,North,1.53,0.29,0.04,0.25,52.000000000000014,18.73
10,1996,North,1.74,0.34,0.06,0.28,62,17.73
10,1997,North,1.2,0.32,0.04,0.28,67.00000000000001,18.66
10,1998,North,3.03,0.34,0.06,0.28,36,17.06
10,1999,North,2.81,0.4,0.07,0.33,46.00000000000001,18.34
10,2000,North,1.83,0.42000000000000004,0.09,0.33,37.99999999999999,19.92
10,2001,North,2.08,0.5,0.05,0.45,36,18.49
10,2002,North,1.61,0.45,0.06,0.39,29.999999999999996,17.73
10,2003,North,2.27,0.41,0.06,0.35,90.00000000000001,19.02
10,2004,North,0.99,0.46,0.08,0.38,60.000000000000014,17.52
10,2005,North,1.25,0.42000000000000004,0.08,0.34,56.00000000000001,17.38
10,2006,North,1.72,0.41,0.06,0.35,46.00000000000001,17.12
10,2007,North,0.94,0.46,0.08,0.38,88,16.89
10,2008,North,1.41,0.48,0.06,0.42,92,19.69
10,2009,North,1.1,0.39,0.07,0.32,63.999999999999986,18.19
10,2010,North,1.67,0.31,0.04,0.27,69.99999999999999,20.04
10,2011,North,4.08,0.27,0.06,0.21,63.999999999999986,18.54
10,2012,North,6.41,0.21000000000000002,0.01,0.2,52.000000000000014,18.95
10,2013,North,1.51,0.39,0.07,0.32,60.000000000000014,18.12
10,2014,North,2.14,0.43000000000000005,0.03,0.4,104.00000000000004,21.36
10,2015,North,0.97,0.56,0.03,0.53,76,20.09
10,2016,North,1.43,0.51,0.08,0.43,76,17.4
10,2017,North,2.26,0.35000000000000003,0.08,0.27,47.99999999999999,18.47
10,2018,North,1.33,0.42000000000000004,0.09,0.33,76,18.86
10,2019,North,2.16,0.32,0.12,0.2,60.000000000000014,18.6
10,2020,North,1.83,0.31,0.05,0.26,132,20.04
11,1995,North,0.97,0.38,0.05,0.33,36,16.83
11,1996,North,1.02,0.35,0.12,0.23,56.00000000000001,13.73
11,1997,North,4.9,0.43000000000000005,0.09,0.34,72,16.55
11,1998,North,2.9,0.46,0.13,0.33,29.999999999999996,13.33
11,1999,North,1.28,0.48000000000000004,0.14,0.34,49.999999999999986,16.07
11,2000,North,0.79,0.51,0.12,0.39,20,15.17
11,2001,North,1.59,0.63,0.12,0.51,47.99999999999999,16.07
11,2002,North,0.97,0.38,0.1,0.28,36,14.81
11,2003,North,1.03,0.56,0.14,0.42,94,14.97
11,2004,North,0.8,0.66,0.16,0.5,46.00000000000001,13.24
11,2005,North,0.61,0.65,0.14,0.51,76,14.86
11,2006,North,0.85,0.5700000000000001,0.11,0.46,56.00000000000001,15.19
11,2007,North,1.67,0.63,0.1,0.53,72,16.12
11,2008,North,1.13,0.6900000000000001,0.13,0.56,49.999999999999986,15.59
11,2009,North,0.82,0.59,0.12,0.47,72,16.81
11,2010,North,1.09,0.53,0.1,0.43,88,15.36
11,2011,North,3.08,0.33999999999999997,0.09,0.25,63.999999999999986,14.01
11,2012,North,1.3,0.46,0.13,0.33,84.00000000000003,17.77
11,2013,North,1.15,0.5700000000000001,0.11,0.46,76,15.2
11,2014,North,1.26,0.6000000000000001,0.07,0.53,76,17.43
11,2015,North,0.91,0.5900000000000001,0.03,0.56,44.00000000000001,17.97
11,2016,North,1.48,0.63,0.13,0.5,96,17.51
11,2017,North,1.51,0.49,0.1,0.39,72,15.68
11,2018,North,1.67,0.539,0.11,0.429,116,14.94
11,2019,North,2,0.94,0.11,0.83,44.00000000000001,14.83
11,2020,North,1.48,0.38,0.08,0.3,67.99999999999999,15.06
12,1995,North,0.76,0.6599999999999999,0.08,0.58,16,11.79
12,1996,North,1.14,0.3,0.06,0.24,36,10.39
12,1997,North,0.82,0.69,0.19,0.5,32,10.88
12,1998,North,0.99,0.29000000000000004,0.06,0.23,46.00000000000001,9.64
12,1999,North,1.49,0.47,0.15,0.32,39.000000000000014,10.01
12,2000,North,0.9,0.6,0.19,0.41,39.99999999999999,11.05
12,2001,North,1.19,0.75,0.17,0.58,17.999999999999996,10.45
12,2002,North,1.09,0.66,0.17,0.49,58.00000000000001,12.35
12,2003,North,0.99,0.6699999999999999,0.2,0.47,39.99999999999999,10.89
12,2004,North,0.7,0.72,0.21,0.51,36,10.59
12,2005,North,0.92,0.75,0.25,0.5,54.00000000000001,10.39
12,2006,North,1,0.66,0.16,0.5,63.999999999999986,11.15
12,2007,North,0.82,0.7999999999999999,0.21,0.59,60.000000000000014,10.29
12,2008,North,1.03,0.77,0.15,0.62,67.99999999999999,13.2
12,2009,North,1.22,0.65,0.14,0.51,44.00000000000001,9.85
12,2010,North,1.21,0.46,0.14,0.32,60.000000000000014,12.06
12,2011,North,0.59,0.33,0.16,0.17,63.999999999999986,9.55
12,2012,North,0.81,0.48,0.11,0.37,21.999999999999996,12.99
12,2013,North,0.98,0.74,0.18,0.56,47.99999999999999,9.15
12,2014,North,1.17,0.76,0.18,0.58,16,12.33
12,2015,North,1.19,0.68,0.12,0.56,60.000000000000014,11.54
12,2016,North,1.19,0.72,0.18,0.54,63.999999999999986,10.98
12,2017,North,1.24,0.68,0.17,0.51,47.99999999999999,11.81
12,2018,North,1,0.7290000000000001,0.199,0.53,74.00000000000001,11.75
12,2019,North,0.84,0.38,0.23,0.15,72,11.19
12,2020,North,NA,NA,NA,NA,NA,NA
1,1995,South,0.22,0.9299999999999999,0.15,0.78,32,10.33
1,1996,South,0.355,1.05,0.55,0.5,48.00000000000001,9.899999999999999
1,1997,South,1.12,1.05,0.21000000000000002,0.8400000000000001,31,12.275
1,1998,South,0.61,0.525,0.01,0.515,65,8.33
1,1999,South,1.4,1.2850000000000001,0.135,1.15,87,7.76
1,2000,South,1.405,0.43500000000000005,0.125,0.31,139.99999999999994,9.235
1,2001,South,1.2650000000000001,0.48,0.12000000000000001,0.36,164.00000000000003,9.355
1,2002,South,0.7150000000000001,0.93,0.125,0.8049999999999999,48.56200084242011,10.835
1,2003,South,0.39,0.6599999999999999,0.1,0.5599999999999999,33.000000000000014,9.725000000000001
1,2004,South,0.51,0.6299999999999999,0.09,0.54,50,9.345
1,2005,South,0.77,1.0550000000000002,0.12,0.935,55,9.11
1,2006,South,0.6000000000000001,0.71,0.06,0.65,76,10.415
1,2007,South,1.15,0.75,0.115,0.635,83,8.325
1,2008,South,1.08,1.1549999999999998,0.165,0.99,56,8.725
1,2009,South,1.23,0.855,0.15,0.7050000000000001,130,8.5
1,2010,South,1.045,0.6400000000000001,0.11,0.53,168.00000000000003,9.21
1,2011,South,0.495,0.63,0.07,0.5599999999999999,98,8.25
1,2012,South,2.885,0.51,0.095,0.41500000000000004,175.99999999999994,8.76
1,2013,South,0.97,0.825,0.10500000000000001,0.72,68,7.1850000000000005
1,2014,South,2.005,0.71,0.15,0.56,191.99999999999994,8.95
1,2015,South,0.905,0.9,0.125,0.775,65,9.68
1,2016,South,1.875,0.81,0.15,0.66,66,8.11
1,2017,South,1.115,0.445,0.09,0.355,60.000000000000014,8.455
1,2018,South,0.46283888267975026,0.595,0.12,0.475,151.99999999999994,10.059999999999999
1,2019,South,1,0.8400000000000001,0.14,0.7,98,9.595
1,2020,South,1.47,0.745,0.195,0.55,155.99999999999994,9.59
2,1995,South,0.8678124065972175,1.105,0.16999999999999998,0.935,44.00000000000001,11.68
2,1996,South,0.1135908820695487,1.2449999999999999,0.16999999999999998,1.075,43.99999999999999,12.365
2,1997,South,1.555,0.56,0.05500000000000001,0.505,38,11.365
2,1998,South,0.6200476455898655,1.3399999999999999,0.13,1.21,42.00000000000001,10.780000000000001
2,1999,South,0.897791812859422,0.36212119756295885,0.08108396380728727,0.2810372337556716,69.33889417021719,8.96037625252684
2,2000,South,0.765,0.5900000000000001,0.1,0.49,56,11.370000000000001
2,2001,South,1.19,0.6200000000000001,0.145,0.47500000000000003,92.99999999999997,8.465
2,2002,South,1.065,0.79,0.14500000000000002,0.645,65,8.885
2,2003,South,0.72,0.445,0.075,0.37,51,10.905000000000001
2,2004,South,1.02,0.5549999999999999,0.09,0.46499999999999997,29.999999999999996,11.71
2,2005,South,0.5700000000000001,0.775,0.095,0.6799999999999999,97,12.07
2,2006,South,1.065,0.365,0.045,0.32,60.000000000000014,11.81
2,2007,South,2.6550000000000002,0.7050000000000001,0.11000000000000001,0.595,127.99999999999996,10.094999999999999
2,2008,South,0.9299999999999999,1.175,0.10500000000000001,1.07,39.99999999999999,9.870000000000001
2,2009,South,0.9450000000000001,0.7550000000000001,0.12000000000000001,0.635,145,10.075
2,2010,South,0.5900000000000001,0.82,0.09,0.73,45.00000000000001,10.719999999999999
2,2011,South,1.92,0.525,0.075,0.45,62,10.420000000000002
2,2012,South,1.8399999999999999,0.6399999999999999,0.11,0.53,132,11.809999999999999
2,2013,South,1.54,0.69,0.105,0.585,143.99999999999994,11.025
2,2014,South,1.2599999999999998,0.865,0.135,0.73,195,10.975
2,2015,South,1.55,0.835,0.14,0.6950000000000001,60,13.33
2,2016,South,3.12,0.865,0.12,0.745,32.00000000000001,10.645
2,2017,South,1.175,0.77,0.07500000000000001,0.695,70,10.795
2,2018,South,0.666430912232448,0.73,0.075,0.655,158,12.32
2,2019,South,0.9299999999999999,0.885,0.095,0.79,85.99999999999997,9.515
2,2020,South,2.02,0.645,0.13,0.515,66,10.780000000000001
3,1995,South,0.9600000000000001,0.9550000000000001,0.165,0.79,44.00000000000001,12.64
3,1996,South,0.875,0.655,0.05500000000000001,0.6000000000000001,72,13.275
3,1997,South,0.595,0.54,0.09,0.45,58.000000000000014,13.86
3,1998,South,0.8381175397735445,0.845,0.075,0.77,43.99999999999999,12.265
3,1999,South,1.5499999999999998,0.5149999999999999,0.07,0.44499999999999995,73,11.21
3,2000,South,2.575,0.5050000000000001,0.115,0.39,71,12.92
3,2001,South,1.21,0.695,0.10500000000000001,0.59,54,13.32
3,2002,South,1.365,0.575,0.11000000000000001,0.46499999999999997,53.000000000000014,13.275
3,2003,South,1.9899999999999998,0.325,0.045,0.28,156.99999999999991,14.18
3,2004,South,1.01,0.44,0.065,0.375,73.00000000000001,15.71
3,2005,South,1.5150000000000001,0.7350000000000001,0.08,0.655,125,16.515
3,2006,South,1.49,0.43000000000000005,0.04,0.39,89.00000000000001,11.93
3,2007,South,1.3650000000000002,0.635,0.075,0.56,103.00000000000003,12.77
3,2008,South,1.565,0.585,0.065,0.52,56.00000000000001,14.115
3,2009,South,1.08,0.495,0.055,0.44,92.00000000000003,14.32
3,2010,South,0.595,0.595,0.08,0.515,103.99999999999994,12.71
3,2011,South,1.0150000000000001,0.52,0.065,0.45499999999999996,96,13.18
3,2012,South,1.65,0.665,0.10500000000000001,0.56,146,13.024999999999999
3,2013,South,2.415,0.43000000000000005,0.08,0.35,270.00000000000006,15.51
3,2014,South,1.065,0.99,0.145,0.845,127.99999999999999,15.155000000000001
3,2015,South,3.54,0.595,0.09,0.505,90.00000000000003,15.97
3,2016,South,2.75,0.67,0.08499999999999999,0.585,108.00000000000006,15.774999999999999
3,2017,South,1.7650000000000001,0.6100000000000001,0.045,0.565,82,12.305
3,2018,South,3.46,0.6499999999999999,0.075,0.575,176,12.735
3,2019,South,0.955,0.7735000000000001,0.055,0.7185,72,11.715
3,2020,South,2.945,0.6499999999999999,0.18,0.47,117.99999999999997,13.274999999999999
4,1995,South,1.27,0.375,0.06,0.315,54,14.295
4,1996,South,1.58,0.37,0.045000000000000005,0.32499999999999996,91.50000000000001,17.259999999999998
4,1997,South,1.435,0.5,0.075,0.42500000000000004,66,16.215
4,1998,South,3.01,0.44999999999999996,0.06,0.39,65.99999999999999,16.455
4,1999,South,1.8250000000000002,0.41500000000000004,0.08,0.335,56,11.809999999999999
4,2000,South,4.595,0.33999999999999997,0.045000000000000005,0.295,79,17.265
4,2001,South,3.4050000000000002,0.545,0.085,0.45999999999999996,49.7,14.75
4,2002,South,4.645,0.365,0.055,0.31,87,17.19
4,2003,South,3.53,0.32,0.030000000000000002,0.29000000000000004,103.99999999999996,16.18
4,2004,South,3.44,0.265,0.034999999999999996,0.22999999999999998,75,17.565
4,2005,South,1.4849999999999999,0.52,0.065,0.45499999999999996,95.00000000000003,15.66
4,2006,South,5.49,0.265,0.04,0.225,74,15.495
4,2007,South,1.54,0.42500000000000004,0.05,0.375,122,17.41
4,2008,South,8.705,0.6,0.034999999999999996,0.565,97,15.59
4,2009,South,1.78,0.43500000000000005,0.045000000000000005,0.39,114.99999999999997,15.585
4,2010,South,1.98,0.43000000000000005,0.060000000000000005,0.37,170,14.44
4,2011,South,1.9300000000000002,0.15000000000000002,0.04,0.11,141.99999999999997,14.46
4,2012,South,2.41,0.515,0.07,0.445,101.99999999999997,15.57
4,2013,South,10.735,0.3,0.030000000000000002,0.27,111.99999999999997,16.495
4,2014,South,3.5949999999999998,0.7,0.085,0.615,144.00000000000003,16.65
4,2015,South,20.305,0.27,0.04,0.23,96.00000000000003,17.195
4,2016,South,1.475,0.45999999999999996,0.08499999999999999,0.375,112.00000000000003,18.53
4,2017,South,1.745,0.31,0.05,0.26,96.00000000000003,15.15
4,2018,South,3.1050000000000004,0.4,0.065,0.335,111.99999999999997,15.81
4,2019,South,1.135,0.31499999999999995,0.05,0.265,138,15.379999999999999
4,2020,South,1.0937058194720073,0.15490532111409722,0.055121188235337897,0.09978413287875933,112.69265810091032,15.98800294301063
5,1995,South,2.005,0.33999999999999997,0.055,0.28500000000000003,73.5,17.285
5,1996,South,1.8800000000000001,0.52,0.03,0.49,79.00000000000003,19.685000000000002
5,1997,South,2.0700000000000003,0.7749999999999999,0.055,0.72,64,21.744999999999997
5,1998,South,1.16,0.5599999999999999,0.1,0.45999999999999996,56.499999999999986,16.29
5,1999,South,3.4350000000000005,0.48,0.045,0.435,53.999999999999986,18.560000000000002
5,2000,South,2.4749999999999996,0.46499999999999997,0.05,0.415,90,18.405
5,2001,South,6.14,0.575,0.04,0.5349999999999999,51.000000000000014,20.854999999999997
5,2002,South,3.365,0.5,0.07,0.43,76,16.75
5,2003,South,2.545,0.39,0.04,0.35,81.00000000000003,16.53
5,2004,South,6.205,0.345,0.05,0.295,57.00000000000001,20.415
5,2005,South,1.6800000000000002,0.46499999999999997,0.05,0.415,105,19.255000000000003
5,2006,South,1.305,0.20500000000000002,0.06,0.14500000000000002,107.99999999999996,20.534999999999997
5,2007,South,1.275,0.54,0.05500000000000001,0.485,99,19.235
5,2008,South,3.145,0.51,0.045000000000000005,0.46499999999999997,72.99999999999999,19.009999999999998
5,2009,South,1.2349999999999999,0.33499999999999996,0.035,0.3,111.99999999999997,19.869999999999997
5,2010,South,4.965,0.43,0.02,0.41000000000000003,137.99999999999994,17.990000000000002
5,2011,South,1.545,0.24,0.04,0.2,133.99999999999994,17.77
5,2012,South,3.375,0.325,0.05,0.275,132.00000000000006,20.54
5,2013,South,1.63,0.355,0.12,0.235,99.99999999999996,21.935
5,2014,South,1.9500000000000002,0.52,0.05,0.47,146.00000000000006,19.494999999999997
5,2015,South,2.605,0.395,0.09,0.305,66,20.424999999999997
5,2016,South,58.285000000000004,0.1,0.01,0.09000000000000001,66.99999999999999,20.14
5,2017,South,1.06,0.26,0.05,0.21000000000000002,135.99999999999997,18.115000000000002
5,2018,South,1.87,0.35,0.045,0.305,161.99999999999994,19.77
5,2019,South,1.25,0.22299999999999998,0.055,0.16799999999999998,147.99999999999994,19.275
5,2020,South,0.8812853652978553,0.14892078383533902,0.037806738453119354,0.11111404538221968,129.749076395115,19.682038962879894
6,1995,South,1.455,0.285,0.055,0.22999999999999998,62,19.23
6,1996,South,1.745,0.25,0.025,0.225,70,23.240000000000002
6,1997,South,0.72,0.5,0.075,0.425,63.499999999999986,22.92
6,1998,South,1.26,0.405,0.07500000000000001,0.33,45,21.034999999999997
6,1999,South,2.14,0.44499999999999995,0.08,0.365,50.5,19.765
6,2000,South,2.1,0.405,0.065,0.34,75,20.755
6,2001,South,4.18,0.5700000000000001,0.07,0.5,56.500000000000014,22.36
6,2002,South,5.83,0.47,0.055,0.415,65,22.525
6,2003,South,1.8450000000000002,0.22499999999999998,0.03,0.195,69,21.375
6,2004,South,2.08,0.45499999999999996,0.05,0.405,56.000000000000014,21.44
6,2005,South,1.26,0.225,0.05,0.175,113.99999999999999,21.38
6,2006,South,1.295,0.28500000000000003,0.06,0.225,85,24.905
6,2007,South,1.465,0.635,0.06,0.575,90.00000000000001,20.380000000000003
6,2008,South,2.835,0.485,0.05,0.435,51.00000000000001,21.064999999999998
6,2009,South,1.9449999999999998,0.28500000000000003,0.035,0.25,117.99999999999996,21.6
6,2010,South,1.8900000000000001,0.195,0.055,0.14,132.00000000000006,20.03
6,2011,South,0.81,0.22000000000000003,0.035,0.185,178,17.65
6,2012,South,2,0.33,0.065,0.265,151.99999999999994,20.72
6,2013,South,2.375,0.46499999999999997,0.06,0.405,86.00000000000001,22.095
6,2014,South,3.975,0.31,0.015,0.295,172.00000000000006,22.98
6,2015,South,2.245,0.455,0.05,0.405,101.99999999999994,23.560000000000002
6,2016,South,2.39,0.27,0.07,0.2,109.99999999999996,22.64
6,2017,South,1.08,0.19,0.045000000000000005,0.145,168,21.04
6,2018,South,2.5300000000000002,0.23,0.035,0.195,184.00000000000006,22.81
6,2019,South,0.8277624171066921,0.18,0.05,0.13,134,21.575
6,2020,South,1.6949999999999998,0.22499999999999998,0.05,0.175,143,22.86
7,1995,South,0.9948456793118957,0.09103788644117361,0.0260378864411736,0.065,69.40684444730564,22.155895320380587
7,1996,South,2.68,0.155,0.034999999999999996,0.12,88,23.835
7,1997,South,0.6625462336172817,0.1619683776069129,0.0619683776069129,0.1,69.04770818421088,24.44139402610184
7,1998,South,2.305,0.435,0.09,0.345,42,25.08
7,1999,South,3.01,0.33,0.055,0.275,59,23.82
7,2000,South,2.545,0.275,0.055,0.22,72.5,22.935000000000002
7,2001,South,3.1950000000000003,0.435,0.06999999999999999,0.365,52.5,22.445
7,2002,South,2.4749999999999996,0.30500000000000005,0.045,0.26,78,24.060000000000002
7,2003,South,2.33,0.22,0.045000000000000005,0.175,84,24.950000000000003
7,2004,South,1.9949999999999999,0.33,0.05,0.28,80,23.765
7,2005,South,2.4,0.22000000000000003,0.055,0.165,128.99999999999994,24.2
7,2006,South,1.74,0.23500000000000001,0.045000000000000005,0.19,98,24.885
7,2007,South,2.52,0.29500000000000004,0.05,0.245,77,22.83
7,2008,South,2.1,0.52,0.055,0.46499999999999997,64,24.205
7,2009,South,1.67,0.215,0.05,0.165,124,22.77
7,2010,South,1.24,0.165,0.04,0.125,113,23.795
7,2011,South,1.315,0.165,0.035,0.13,154,24.15
7,2012,South,3.0700000000000003,0.175,0.05,0.125,170,23.3
7,2013,South,3.955,0.24,0.049999999999999996,0.19,143.99999999999994,23.34
7,2014,South,3.51,0.18,0.034999999999999996,0.145,158,24.645000000000003
7,2015,South,4.835,0.31999999999999995,0.060000000000000005,0.26,99.99999999999996,24.130000000000003
7,2016,South,10.175,0.14500000000000002,0.030000000000000002,0.115,144.00000000000003,22.59
7,2017,South,11.7,7.745,0.060000000000000005,7.685,107.99999999999997,24.73
7,2018,South,3.795,0.22,0.04,0.18,180,23.36
7,2019,South,1.105,0.1905,0.063,0.1275,143.99999999999997,23.16
7,2020,South,2.795,0.185,0.055,0.13,228.00000000000006,24.735
8,1995,South,4.42,0.18908157902058015,0.034081579020580156,0.15500000000000003,75,23.7
8,1996,South,1.815,0.12000000000000001,0.03,0.09,114,23.775
8,1997,South,2.415,0.17500000000000002,0.05,0.125,74,23.715
8,1998,South,2.78,0.245,0.05,0.195,71,24.665
8,1999,South,0.6957761180823856,0.16,0.034999999999999996,0.125,62.99999999999999,21.435000000000002
8,2000,South,2.9450000000000003,0.185,0.04,0.14500000000000002,88.99999999999997,24.56
8,2001,South,3.2350000000000003,0.26,0.065,0.195,69,23.435000000000002
8,2002,South,2.35,0.235,0.065,0.16999999999999998,95.00000000000003,23.310000000000002
8,2003,South,1.95,0.195,0.05,0.14500000000000002,95,22.515
8,2004,South,2.02,0.21000000000000002,0.055,0.155,104.00000000000003,24.03
8,2005,South,3.2699999999999996,0.20500000000000002,0.030000000000000002,0.175,113,24.775
8,2006,South,2.265,0.185,0.045000000000000005,0.14,89.00000000000001,22.7
8,2007,South,2.975,0.22000000000000003,0.05,0.17,119.99999999999991,23.115000000000002
8,2008,South,3.1100000000000003,0.315,0.04,0.275,82.00000000000001,23.455
8,2009,South,1.3399999999999999,0.145,0.034999999999999996,0.11,143,23.305
8,2010,South,1.58,0.12,0.030000000000000002,0.09000000000000001,159.99999999999997,22.1
8,2011,South,1.46,0.155,0.04,0.115,160,23.975
8,2012,South,3.9050000000000002,0.1,0.034999999999999996,0.065,190.00000000000006,22.490000000000002
8,2013,South,2.33,0.14,0.04,0.1,131.99999999999994,22.619999999999997
8,2014,South,3.675,0.18,0.034999999999999996,0.14500000000000002,161.99999999999994,24
8,2015,South,3.34,0.235,0.03,0.205,116,23.71
8,2016,South,3.045,0.18500000000000003,0.060000000000000005,0.125,170,23.18
8,2017,South,1.97,0.22999999999999998,0.060000000000000005,0.16999999999999998,158,23.865000000000002
8,2018,South,8.135,0.145,0.041499999999999995,0.1035,173.99999999999994,23.165
8,2019,South,1.04,0.201,0.0665,0.1345,175.99999999999994,24.810000000000002
8,2020,South,3.6950000000000003,0.1395,0.060000000000000005,0.0795,143.99999999999997,24.48
9,1995,South,1.47,0.185,0.034999999999999996,0.15000000000000002,90,21.7
9,1996,South,1.9,0.21000000000000002,0.060000000000000005,0.15000000000000002,106,20.225
9,1997,South,1.9500000000000002,0.215,0.06,0.155,101.00000000000003,23.305
9,1998,South,2.48,0.25,0.06,0.19,82,23.25
9,1999,South,2.255,0.22999999999999998,0.06999999999999999,0.16,102,20.425
9,2000,South,19.6,0.16499999999999998,0.034999999999999996,0.13,72,20.005000000000003
9,2001,South,2.74,0.295,0.08,0.215,79.00000000000003,21.88
9,2002,South,2.29,0.295,0.09999999999999999,0.195,107,22.215000000000003
9,2003,South,2.8200000000000003,0.22000000000000003,0.045000000000000005,0.175,113,23.625
9,2004,South,2.4850000000000003,0.27,0.06999999999999999,0.2,91.00000000000003,20.42
9,2005,South,1.405,0.22,0.060000000000000005,0.16,150.00000000000006,20.27
9,2006,South,1.1800000000000002,0.21500000000000002,0.055,0.16,124.99999999999997,22.119999999999997
9,2007,South,1.42,0.22499999999999998,0.060000000000000005,0.16499999999999998,147.99999999999994,21.07
9,2008,South,2.26,0.305,0.055,0.25,111,23.505
9,2009,South,1.5150000000000001,0.16,0.030000000000000002,0.13,161.00000000000006,22.71
9,2010,South,1.2850000000000001,0.17,0.045000000000000005,0.125,171,21.36
9,2011,South,3.62,0.14500000000000002,0.035,0.11,238.00000000000006,22.365
9,2012,South,1.34,0.165,0.055,0.11,256.9999999999999,22.575
9,2013,South,6.255,0.15,0.02,0.13,144.00000000000006,21.225
9,2014,South,6.445,0.165,0.02,0.14500000000000002,184.99999999999994,23.03
9,2015,South,2.79,0.28,0.05,0.22999999999999998,96.00000000000003,22.185000000000002
9,2016,South,2.62,0.2,0.045,0.155,175.99999999999994,21.665
9,2017,South,1.7149999999999999,0.26,0.065,0.195,202,23.57
9,2018,South,1.6400000000000001,0.20700000000000002,0.060000000000000005,0.14700000000000002,220.00000000000003,20.740000000000002
9,2019,South,1.2022566012512907,0.1895,0.059000000000000004,0.1305,195.99999999999997,23.835
9,2020,South,3.755,0.197,0.065,0.132,174.00000000000006,23.5
10,1995,South,1.3900000000000001,0.305,0.05,0.255,92.00000000000003,18.455
10,1996,South,1.4300000000000002,0.265,0.055,0.21000000000000002,106.6944710840929,18.915
10,1997,South,1.26,0.305,0.075,0.23,98.00000000000003,18.525
10,1998,South,2.545,0.365,0.060000000000000005,0.305,87.00000000000001,17.83
10,1999,South,1.8450000000000002,0.28500000000000003,0.075,0.21000000000000002,101,19.785
10,2000,South,6.52,1.025,0.16,0.865,84.00000000000003,21.535
10,2001,South,3.065,0.34,0.060000000000000005,0.28,78.00000000000001,19.705
10,2002,South,2.05,0.36,0.09,0.27,86,19.66
10,2003,South,2.505,0.315,0.06999999999999999,0.245,160.00000000000006,19.085
10,2004,South,1.875,0.39,0.09,0.3,136.99999999999994,18.66
10,2005,South,1.3399999999999999,0.32999999999999996,0.075,0.255,159,18.4
10,2006,South,1.33,0.295,0.060000000000000005,0.23500000000000001,159.99999999999997,18.645000000000003
10,2007,South,1.2650000000000001,0.29000000000000004,0.06,0.22999999999999998,159.99999999999994,17.765
10,2008,South,2.31,0.325,0.055,0.27,117,21.66
10,2009,South,1.375,0.22999999999999998,0.045,0.185,152,18.975
10,2010,South,1.27,0.185,0.034999999999999996,0.15,237.99999999999994,20.284999999999997
10,2011,South,1.495,0.24,0.05,0.19,263.99999999999994,19.505
10,2012,South,1.0145653554530332,0.17500000000000002,0.04,0.135,213.00000000000006,21.42
10,2013,South,1.7200000000000002,0.205,0.065,0.13999999999999999,142.00000000000006,18.375
10,2014,South,4.98,0.22,0.045000000000000005,0.175,239.99999999999994,21.675
10,2015,South,2.635,0.265,0.04,0.225,166.00000000000006,21.035
10,2016,South,1.4100000000000001,0.39,0.075,0.315,247.9999999999999,17.845
10,2017,South,1.485,0.19,0.045000000000000005,0.145,213.99999999999994,17.915
10,2018,South,1.635,0.29850000000000004,0.0635,0.23500000000000001,240.00000000000006,17.72
10,2019,South,1.06,0.39183984901680036,0.2,0.19183984901680035,208.00000000000006,18.645
10,2020,South,2.0549999999999997,0.23,0.05,0.18,199.99999999999994,22.045
11,1995,South,1.17,0.36,0.05,0.31,107.00000000000003,15.855
11,1996,South,0.74,0.38,0.1,0.28,103.99999999999996,13.84
11,1997,South,1.315,0.4,0.12,0.28,102,17.335
11,1998,South,12.3,0.44999999999999996,0.05500000000000001,0.395,80,12.705
11,1999,South,1.275,0.375,0.10500000000000001,0.27,119.31052214126913,15.799999999999999
11,2000,South,1.74,0.47,0.095,0.375,94.00000000000001,15.115
11,2001,South,1.83,0.64,0.12,0.52,122,16.78
11,2002,South,0.5450406536526831,0.3236428174741796,0.10864281747417961,0.215,118.84848842473372,15.009194050866089
11,2003,South,1.45,0.49,0.125,0.365,161.76613659066072,14.6
11,2004,South,0.99,0.6200000000000001,0.14,0.48,149.99999999999997,14.350000000000001
11,2005,South,1.14,0.535,0.11000000000000001,0.42500000000000004,145.00000000000003,15.005
11,2006,South,2.2,0.41500000000000004,0.06999999999999999,0.345,154,16.84
11,2007,South,0.5700000000000001,0.62,0.12,0.5,159.99999999999997,15.93
11,2008,South,1.395,0.6300000000000001,0.1,0.53,127.99999999999997,15.785
11,2009,South,1.125,0.465,0.075,0.39,170,16.78
11,2010,South,1.0050000000000001,0.35,0.065,0.28500000000000003,198,16.11
11,2011,South,3.01,0.295,0.085,0.21000000000000002,219.9999999999999,13.715
11,2012,South,1.5899999999999999,0.375,0.105,0.27,244,17.69
11,2013,South,1.365,0.4,0.095,0.305,194.00000000000006,14.93
11,2014,South,2.755,0.46,0.07,0.39,236.99999999999994,17.365000000000002
11,2015,South,3.125,0.41,0.06999999999999999,0.33999999999999997,158.00000000000006,18.685
11,2016,South,1.165,0.5700000000000001,0.105,0.465,239.99999999999994,17.195
11,2017,South,0.9149999999999999,0.54,0.09,0.45,270,15.19
11,2018,South,1.08,0.63,0.121,0.509,119.99999999999994,12.855
11,2019,South,1.545,0.48500000000000004,0.2,0.285,186.00000000000006,14.45
11,2020,South,1.615,0.29500000000000004,0.05,0.245,226.99999999999994,16.865000000000002
12,1995,South,0.615,0.5650000000000001,0.10500000000000001,0.45999999999999996,56,12.82
12,1996,South,0.865,0.6799999999999999,0.125,0.5549999999999999,77.00000000000003,11.690000000000001
12,1997,South,0.84,0.625,0.155,0.47,82.00000000000003,11.79
12,1998,South,4.75,0.7549999999999999,0.08,0.675,56.999999999999986,9.35
12,1999,South,1.505,0.46499999999999997,0.095,0.37,137.99999999999997,9.530000000000001
12,2000,South,1.115,0.505,0.16,0.345,118.99999999999996,10.315000000000001
12,2001,South,1.095,0.8200000000000001,0.16,0.66,58,10.715
12,2002,South,1.4849999999999999,0.605,0.11499999999999999,0.49,119.99999999999997,11.95
12,2003,South,0.7749999999999999,0.625,0.135,0.49,145.99999999999994,10.8
12,2004,South,0.21500000000000002,0.655,0.12,0.5349999999999999,132.99999999999997,10.555
12,2005,South,1.01,0.63,0.135,0.495,81,9.83
12,2006,South,1.065,0.565,0.11499999999999999,0.44999999999999996,163.00000000000003,10.695
12,2007,South,0.955,0.725,0.17,0.5549999999999999,108.00000000000003,9.649999999999999
12,2008,South,0.975,0.6699999999999999,0.11,0.56,167.99999999999994,13.030000000000001
12,2009,South,0.96,0.525,0.09,0.435,173.9999999999999,9.510000000000002
12,2010,South,0.7649999999999999,0.46499999999999997,0.08499999999999999,0.38,217.99999999999991,11.870000000000001
12,2011,South,1.3050000000000002,0.45999999999999996,0.11000000000000001,0.35,179.99999999999994,9.605
12,2012,South,0.47000000000000003,0.655,0.12,0.5349999999999999,116.00000000000003,13.615
12,2013,South,1.2,0.6100000000000001,0.15,0.46,198.00000000000003,9.18
12,2014,South,0.535,0.9450000000000001,0.165,0.78,79.99999999999996,13.305
12,2015,South,14.01,0.505,0.055,0.44999999999999996,126.00000000000001,10.61
12,2016,South,1.365,0.6749999999999999,0.10500000000000001,0.57,148,10.43
12,2017,South,3.6421043162818734,0.6100000000000001,0.1,0.51,170,10.850000000000001
12,2018,South,0.775,0.7025,0.12,0.5825,197.99999999999994,11.235
12,2019,South,0.7549999999999999,0.565,0.185,0.38,100.00000000000003,10.46
12,2020,South,1.05,0.36,0.05,0.31,304.00000000000006,10.96
1,1995,West,0.6599999999999999,0.42666666666666664,0.05333333333333334,0.37333333333333335,20,10.693333333333333
1,1996,West,0.44666666666666666,0.5133333333333333,0.08,0.43333333333333335,24.000000000000007,9.99
1,1997,West,0.5566666666666666,0.5066666666666666,0.08333333333333334,0.42333333333333334,20.999999999999996,11.073333333333334
1,1998,West,0.94,0.5066666666666667,0.01,0.4966666666666667,34.666666666666664,10.043333333333333
1,1999,West,1.1333333333333333,0.49333333333333335,0.12666666666666668,0.36666666666666664,37.333333333333336,7.836666666666667
1,2000,West,1.8399999999999999,0.5766666666666667,0.15666666666666668,0.42,39.99999999999999,10.446666666666667
1,2001,West,1.5166666666666666,0.5700000000000001,0.18333333333333335,0.38666666666666666,46.00000000000001,10.213333333333333
1,2002,West,0.9666666666666667,0.58,0.13666666666666666,0.4433333333333333,23.333333333333332,11.603333333333333
1,2003,West,0.6333333333333333,0.46,0.12,0.34,44.00000000000001,10.65
1,2004,West,0.8933333333333333,0.5033333333333333,0.11333333333333333,0.39,38.00000000000001,10.273333333333333
1,2005,West,0.62,0.6233333333333333,0.12666666666666668,0.49666666666666665,43.33333333333333,8.886666666666667
1,2006,West,1.6766666666666665,0.38666666666666666,0.06,0.32666666666666666,27.333333333333336,10.266666666666667
1,2007,West,1.2466666666666666,0.7133333333333334,0.18,0.5333333333333333,44.666666666666664,8.316666666666666
1,2008,West,1.0633333333333335,0.9133333333333333,0.23333333333333334,0.6799999999999999,41.33333333333333,9.253333333333334
1,2009,West,1.46,0.8333333333333334,0.20666666666666667,0.6266666666666667,59.99999999999999,9.823333333333332
1,2010,West,1.41,0.7066666666666667,0.19333333333333333,0.5133333333333334,58.666666666666664,9.61
1,2011,West,0.67,0.43333333333333335,0.11,0.32333333333333336,50.66666666666667,9.336666666666666
1,2012,West,1.4166666666666667,0.6333333333333333,0.2,0.43333333333333335,61.333333333333336,9.29
1,2013,West,0.8433333333333334,0.5566666666666666,0.13999999999999999,0.4166666666666667,57.33333333333333,8.82
1,2014,West,2.4233333333333333,0.6966666666666667,0.21666666666666667,0.48,74.66666666666669,10.103333333333333
1,2015,West,0.8533333333333333,0.6133333333333334,0.15666666666666668,0.45666666666666667,48.33333333333333,11.47
1,2016,West,1.2033333333333334,0.71,0.18666666666666668,0.5233333333333333,53.33333333333333,9.506666666666666
1,2017,West,1.7633333333333334,0.48333333333333334,0.13333333333333333,0.35,25.333333333333336,9.183333333333334
1,2018,West,0.8733333333333333,0.66,0.2,0.46,65.33333333333333,10.613333333333333
1,2019,West,0.8133333333333334,0.7476666666666666,0.20433333333333334,0.5433333333333333,64.00000000000001,10.423333333333334
1,2020,West,1.1733333333333333,0.6866666666666666,0.21,0.4766666666666667,44.66666666666666,9.753333333333334
2,1995,West,0.5566666666666666,0.38999999999999996,0.04666666666666667,0.3433333333333333,24.000000000000007,12.126666666666667
2,1996,West,0.6933333333333334,0.38,0.05333333333333334,0.32666666666666666,26.66666666666667,13.17
2,1997,West,1.6466666666666667,0.39999999999999997,0.05,0.35,29.333333333333332,11.733333333333333
2,1998,West,0.6828143672021489,0.45,0.060000000000000005,0.39,20.66666666666667,11.216666666666667
2,1999,West,1.3333333333333333,0.48333333333333334,0.10333333333333333,0.38,28,9.866666666666667
2,2000,West,1.3666666666666667,0.4866666666666667,0.08333333333333333,0.4033333333333333,27.999999999999996,11.643333333333334
2,2001,West,1.6833333333333333,0.5800000000000001,0.18333333333333335,0.39666666666666667,39.33333333333333,10.25874476449005
2,2002,West,1.4166666666666667,0.5766666666666667,0.14666666666666667,0.43,41.333333333333336,9.696666666666667
2,2003,West,1.73,0.39666666666666667,0.08666666666666667,0.31,53.79455934859765,11.136666666666667
2,2004,West,1.1433333333333333,0.5133333333333333,0.13333333333333333,0.38,26.666666666666664,11.52
2,2005,West,0.6433333333333333,0.63,0.13333333333333333,0.49666666666666665,54.66666666666667,12.296666666666667
2,2006,West,1.8366666666666667,0.32666666666666666,0.06666666666666667,0.26,43.333333333333336,11.083333333333334
2,2007,West,1.23,0.73,0.19666666666666666,0.5333333333333333,60.000000000000014,11.21
2,2008,West,1.5033333333333334,0.77,0.12666666666666668,0.6433333333333333,30.666666666666668,10.363333333333333
2,2009,West,1.0733333333333333,0.8433333333333334,0.2,0.6433333333333333,61.33333333333333,10.856666666666667
2,2010,West,0.9233333333333333,0.55,0.10666666666666667,0.44333333333333336,27.33333333333334,11.09
2,2011,West,1.25,0.5466666666666667,0.13333333333333333,0.41333333333333333,51.333333333333336,11.613333333333333
2,2012,West,1.54,0.66,0.17333333333333334,0.4866666666666667,44.66666666666668,11.426666666666668
2,2013,West,2.3633333333333333,0.6233333333333333,0.14666666666666667,0.4766666666666667,45.33333333333334,11.22
2,2014,West,1.6833333333333333,0.8766666666666667,0.19,0.6866666666666666,64,11.35
2,2015,West,1.72,0.7133333333333334,0.20666666666666667,0.5066666666666667,34.66666666666667,14.26
2,2016,West,1.2933333333333334,0.66,0.13333333333333333,0.5266666666666666,36.00000000000001,11.316666666666666
2,2017,West,4.183333333333334,0.41333333333333333,0.06333333333333334,0.35,31.999999999999996,11.243333333333334
2,2018,West,1.9066666666666667,0.7066666666666667,0.15333333333333332,0.5533333333333333,61.33333333333334,12.616666666666667
2,2019,West,1.6533333333333333,0.52,0.08,0.44,16,9.106666666666667
2,2020,West,1.91,0.6333333333333333,0.16333333333333333,0.47,49.33333333333334,12.156666666666666
3,1995,West,1,0.32666666666666666,0.05,0.27666666666666667,18,11.783333333333333
3,1996,West,1.8366666666666667,0.3933333333333333,0.05,0.3433333333333333,32,13.629999999999999
3,1997,West,0.6955529560427218,0.4433333333333333,0.08333333333333334,0.36,40.666666666666664,14.37
3,1998,West,2.046929772359021,0.48000000000000004,0.06,0.42,31.333333333333336,11.846666666666666
3,1999,West,2.7333333333333334,0.19,0.03333333333333333,0.15666666666666668,38.666666666666664,10.866666666666667
3,2000,West,2.1666666666666665,0.29333333333333333,0.05333333333333334,0.24000000000000002,36,13.85
3,2001,West,1.3033333333333332,0.49666666666666665,0.10333333333333333,0.3933333333333333,29.333333333333336,14.09
3,2002,West,5.986666666666666,0.5866666666666667,0.13333333333333333,0.4533333333333333,41.33333333333333,14.103333333333333
3,2003,West,2.12,0.4,0.09,0.31,63.99999999999999,14.656666666666666
3,2004,West,2.63,0.31333333333333335,0.056666666666666664,0.25666666666666665,34.666666666666664,16.57
3,2005,West,1.9,0.5933333333333333,0.09666666666666666,0.49666666666666665,46.66666666666667,15.963333333333333
3,2006,West,4.09,0.2633333333333333,0.03333333333333333,0.23,34,11.636666666666667
3,2007,West,2.26,0.58,0.10333333333333333,0.4766666666666667,53.33333333333333,14.256666666666666
3,2008,West,1.8,0.6733333333333333,0.10333333333333333,0.57,36.66666666666667,13.613333333333333
3,2009,West,3.8466666666666667,0.53,0.09333333333333334,0.43666666666666665,29.333333333333332,13.573333333333334
3,2010,West,1.5533333333333332,0.56,0.10333333333333333,0.45666666666666667,37.333333333333336,12.393333333333333
3,2011,West,2.56,0.47333333333333333,0.10666666666666667,0.36666666666666664,58.66666666666667,13.23
3,2012,West,1.5966666666666667,0.6433333333333333,0.14333333333333334,0.5,30,12.620000000000001
3,2013,West,4.236666666666666,0.49,0.07,0.42,46,14.67
3,2014,West,2.7566666666666664,0.99,0.17666666666666667,0.8133333333333334,41.33333333333333,15.556666666666667
3,2015,West,2.01,0.61,0.10333333333333333,0.5066666666666667,51.33333333333333,16.47
3,2016,West,2.256666666666667,0.5766666666666667,0.10666666666666667,0.47000000000000003,45.333333333333336,15.233333333333334
3,2017,West,3.8533333333333335,0.38,0.04666666666666667,0.3333333333333333,26.666666666666668,11.533333333333333
3,2018,West,2.2666666666666666,0.65,0.13333333333333333,0.5166666666666667,48,12.42
3,2019,West,2.2866666666666666,0.3566666666666667,0.05333333333333334,0.30333333333333334,30.666666666666668,11.876666666666667
3,2020,West,1.84,0.64,0.23333333333333334,0.4066666666666667,58,13.796666666666667
4,1995,West,3.05,0.2,0.03333333333333333,0.16666666666666669,40.666666666666664,14.716666666666667
4,1996,West,1.4566666666666668,0.34,0.04666666666666667,0.29333333333333333,36,16.05
4,1997,West,1.4466666666666668,0.5133333333333333,0.10666666666666667,0.4066666666666667,31.66666666666667,16.836666666666666
4,1998,West,7.663333333333334,0.30666666666666664,0.03333333333333333,0.2733333333333333,46,16.373333333333335
4,1999,West,3.3833333333333333,0.31666666666666665,0.07,0.24666666666666667,36,12.08
4,2000,West,22.03333333333333,0.30000000000000004,0.02666666666666667,0.2733333333333333,27.000000000000007,16.456666666666667
4,2001,West,1.6233333333333333,1.31,0.11,1.2,34.00000000000001,15.45
4,2002,West,2.4066666666666667,0.47000000000000003,0.09,0.38,32.00000000000001,15.58
4,2003,West,2.283333333333333,0.44333333333333336,0.08333333333333334,0.36,48,15.493333333333334
4,2004,West,2.8433333333333333,0.42666666666666664,0.08333333333333334,0.3433333333333333,34.666666666666664,16.47
4,2005,West,2.7733333333333334,0.42333333333333334,0.07,0.35333333333333333,48.66666666666668,16.006666666666668
4,2006,West,2.8133333333333335,0.16333333333333333,0.023333333333333334,0.14,30.66666666666666,14.863333333333333
4,2007,West,3.34,0.5866666666666667,0.06333333333333332,0.5233333333333333,39.33333333333334,16.226666666666667
4,2008,West,4.266666666666667,0.5966666666666667,0.06666666666666667,0.53,39.333333333333336,15.496666666666666
4,2009,West,1.86,0.6066666666666667,0.08666666666666667,0.52,38.66666666666667,16.126666666666665
4,2010,West,4.28,0.5433333333333333,0.05666666666666667,0.48666666666666664,40.666666666666664,14.633333333333333
4,2011,West,5.236666666666666,0.14,0.023333333333333334,0.11666666666666667,53.333333333333336,14.183333333333334
4,2012,West,2.6133333333333333,0.45666666666666667,0.08,0.37666666666666665,34.66666666666667,15.08
4,2013,West,2.9466666666666668,0.5033333333333333,0.09333333333333334,0.41,45.33333333333333,17.056666666666665
4,2014,West,2.6266666666666665,0.7599999999999999,0.1,0.6599999999999999,46.666666666666664,17.353333333333335
4,2015,West,1.9466666666666668,0.5066666666666667,0.10333333333333333,0.4033333333333333,41.333333333333336,16.956666666666667
4,2016,West,5.273333333333333,0.33666666666666667,0.08,0.25666666666666665,38.66666666666667,17.703333333333333
4,2017,West,4.77,0.28,0.04666666666666667,0.23333333333333334,54.666666666666664,14.926666666666668
4,2018,West,1.71,0.31,0.08,0.23,57.33333333333335,14.173333333333334
4,2019,West,2.163333333333333,0.228,0.05333333333333334,0.17466666666666666,40,14.693333333333333
4,2020,West,0.41755576989611015,0.3484270815587346,0.11712463619251047,0.23130244536622413,56.162898771291914,15.041016065701754
5,1995,West,2.9966666666666666,0.10703319080434237,0.027033190804342376,0.08,42,15.65
5,1996,West,1.78,0.2566666666666667,0.03666666666666667,0.22,38.66666666666666,19.446666666666665
5,1997,West,1.367521571725098,0.52,0.08333333333333333,0.4366666666666667,39.66666666666667,20.246666666666666
5,1998,West,3.4266666666666667,0.32333333333333336,0.05666666666666667,0.26666666666666666,35,16.046666666666667
5,1999,West,5.624114310197185,0.3466666666666667,0.056666666666666664,0.29,25.666666666666664,15.926666666666666
5,2000,West,3.6433333333333335,0.32333333333333336,0.07666666666666667,0.24666666666666667,27.333333333333336,16.253333333333334
5,2001,West,1.8099999999999998,0.5,0.09333333333333334,0.4066666666666667,45.66666666666666,19.296666666666667
5,2002,West,2.026666666666667,0.45999999999999996,0.07333333333333333,0.38666666666666666,30.000000000000004,16.35333333333333
5,2003,West,5.003333333333333,0.23,0.03,0.2,26,16.086666666666666
5,2004,West,1.1166666666666667,0.38333333333333336,0.07666666666666667,0.30666666666666664,36,19.16
5,2005,West,5.306666666666667,0.31333333333333335,0.05666666666666667,0.25666666666666665,38,18.35333333333333
5,2006,West,2.506666666666667,0.19666666666666666,0.04,0.15666666666666668,40.66666666666667,19.193333333333335
5,2007,West,0.7333333333333333,0.6033333333333334,0.08666666666666667,0.5166666666666667,43.99999999999999,18.4
5,2008,West,1.5766666666666667,0.6066666666666667,0.09666666666666666,0.51,49.33333333333333,17.6
5,2009,West,2.2466666666666666,0.41,0.05666666666666667,0.35333333333333333,43.33333333333332,19.256666666666668
5,2010,West,5.953333333333333,0.3333333333333333,0.043333333333333335,0.29,35.33333333333334,16.553333333333335
5,2011,West,6.253333333333333,0.16333333333333333,0.03,0.13333333333333333,48,16.633333333333333
5,2012,West,8.986666666666666,0.3466666666666667,0.03666666666666667,0.31,28.000000000000004,18.64333333333333
5,2013,West,1.91,0.6133333333333333,0.09,0.5233333333333333,38,19.236666666666668
5,2014,West,2.2033333333333336,0.6133333333333333,0.07333333333333333,0.54,34.666666666666664,18.470000000000002
5,2015,West,2.1733333333333333,0.6333333333333333,0.09333333333333334,0.54,37.33333333333333,17.626666666666665
5,2016,West,4.126666666666667,0.31,0.09666666666666666,0.21333333333333332,40.00000000000001,18.89
5,2017,West,4.88,0.2,0.06,0.14,49.33333333333333,18.696666666666665
5,2018,West,4.776666666666666,0.43666666666666665,0.05666666666666667,0.38,49.33333333333334,17.803333333333335
5,2019,West,2.3533333333333335,0.21866666666666668,0.05666666666666667,0.162,61.33333333333334,17.203333333333333
5,2020,West,0.5468829467011885,0.3123502536566555,0.0858513745093545,0.22649887914730096,55.048890564057864,17.919453608455324
6,1995,West,2.3466666666666667,0.21,0.04,0.17,46.666666666666664,19.746666666666666
6,1996,West,1.51,0.2733333333333333,0.03333333333333333,0.24,28.666666666666668,21.37
6,1997,West,0.93,0.5833333333333334,0.1,0.48333333333333334,53,20.92
6,1998,West,2.356666666666667,0.22333333333333333,0.04,0.18333333333333332,30.666666666666664,19.88
6,1999,West,4.45,0.45,0.05666666666666667,0.3933333333333333,26.666666666666668,17.953333333333333
6,2000,West,1.5633333333333332,0.5133333333333333,0.08333333333333333,0.43,20.000000000000004,19.38
6,2001,West,3.7133333333333334,0.63,0.08,0.55,40.333333333333336,20.82
6,2002,West,1.8033333333333335,0.5633333333333334,0.06333333333333332,0.5,38,20.126666666666665
6,2003,West,4.29,0.30333333333333334,0.04666666666666667,0.25666666666666665,31.999999999999996,19.483333333333334
6,2004,West,1.16,0.5233333333333333,0.09333333333333334,0.43,44.66666666666667,19.713333333333335
6,2005,West,4.3100000000000005,0.25666666666666665,0.04,0.21666666666666667,52.00000000000001,20.393333333333334
6,2006,West,2.62,0.32666666666666666,0.060000000000000005,0.26666666666666666,33.33333333333333,22.186666666666667
6,2007,West,1.6566666666666667,0.66,0.07,0.59,32.66666666666667,19.71666666666667
6,2008,West,2.1799999999999997,0.6333333333333333,0.06666666666666667,0.5666666666666667,54,20.693333333333335
6,2009,West,1.75,0.44,0.06333333333333334,0.37666666666666665,52.00000000000001,19.923333333333336
6,2010,West,6.34,0.33333333333333337,0.07333333333333333,0.26,40,20.096666666666668
6,2011,West,4.390000000000001,0.21666666666666667,0.043333333333333335,0.17333333333333334,48,17.696666666666665
6,2012,West,2.3866666666666667,0.5266666666666667,0.07333333333333333,0.45333333333333337,44.00000000000001,20.096666666666668
6,2013,West,2.0166666666666666,0.5866666666666667,0.06,0.5266666666666666,38.666666666666664,19.84
6,2014,West,1.57,0.6733333333333333,0.05333333333333334,0.62,49.33333333333334,20.626666666666665
6,2015,West,2.89,0.6566666666666666,0.07333333333333333,0.5833333333333334,56.66666666666665,20.61
6,2016,West,1.7166666666666666,0.31333333333333335,0.08,0.23333333333333334,34.666666666666664,19.490000000000002
6,2017,West,2.55,0.27666666666666667,0.05666666666666667,0.22,54.66666666666668,21.36
6,2018,West,2.2,0.5033333333333333,0.06666666666666667,0.43666666666666665,42.66666666666667,19.446666666666665
6,2019,West,2.9766666666666666,0.221,0.05,0.171,53.33333333333333,21.80333333333333
6,2020,West,2.1833333333333336,0.45666666666666667,0.05666666666666667,0.4,50.666666666666664,20.326666666666664
7,1995,West,3.2633333333333336,0.17333333333333334,0.02666666666666667,0.14666666666666667,36.66666666666667,20.86
7,1996,West,1.1812534625625186,0.47000000000000003,0.12666666666666668,0.3433333333333333,28.666666666666664,20.946666666666665
7,1997,West,1.5,0.56,0.07666666666666667,0.48333333333333334,37.33333333333333,21.486666666666668
7,1998,West,3.1733333333333333,0.22666666666666668,0.02666666666666667,0.2,27,22.773333333333333
7,1999,West,1.7366666666666666,0.53,0.060000000000000005,0.47,26.666666666666664,20.85
7,2000,West,1.3266666666666667,0.52,0.08333333333333333,0.43666666666666665,33.333333333333336,19.956666666666667
7,2001,West,1.91,0.5366666666666667,0.07666666666666667,0.46,41.000000000000014,20.006666666666668
7,2002,West,2.24,0.5866666666666668,0.06666666666666667,0.52,43.333333333333336,21.220000000000002
7,2003,West,1.4000000000000001,0.37666666666666665,0.05333333333333334,0.32333333333333336,44.00000000000001,23.086666666666666
7,2004,West,1.3933333333333333,0.58,0.08666666666666667,0.49333333333333335,31.999999999999996,20.76
7,2005,West,1.2933333333333334,0.33666666666666667,0.05,0.2866666666666667,43.333333333333336,22.650000000000002
7,2006,West,1.5033333333333334,0.35,0.06,0.29,40.66666666666667,22.96333333333333
7,2007,West,1.55,0.6266666666666666,0.06,0.5666666666666667,50.66666666666666,22.080000000000002
7,2008,West,1.7033333333333334,0.6333333333333333,0.07333333333333333,0.5599999999999999,54.66666666666666,21.986666666666665
7,2009,West,2.0433333333333334,0.44,0.07,0.37,53.33333333333334,21.656666666666666
7,2010,West,1.0633333333333335,0.4066666666666667,0.06333333333333334,0.3433333333333333,44.00000000000001,19.88
7,2011,West,3.5633333333333335,0.18333333333333335,0.026666666666666665,0.15666666666666668,44.00000000000001,21.3
7,2012,West,2.033333333333333,0.43666666666666665,0.04666666666666667,0.39,53.33333333333332,21.29
7,2013,West,1.9233333333333333,0.4766666666666666,0.05,0.42666666666666664,40.666666666666664,20.14666666666667
7,2014,West,1.8933333333333333,0.5866666666666668,0.043333333333333335,0.5433333333333333,53.33333333333334,21.04
7,2015,West,5.6899999999999995,0.5700000000000001,0.043333333333333335,0.5266666666666667,45.52092354031833,21.233333333333334
7,2016,West,2.566666666666667,0.32333333333333336,0.03666666666666667,0.2866666666666667,50.66666666666668,21.026666666666667
7,2017,West,4.15,0.29333333333333333,0.09,0.20333333333333334,32.00000000000001,21.5
7,2018,West,2.0766666666666667,0.5033333333333333,0.05333333333333334,0.45,48.00000000000001,20.983333333333334
7,2019,West,2.65,0.319,0.06133333333333334,0.25766666666666665,64,21.083333333333332
7,2020,West,2.9366666666666665,0.3783333333333333,0.05,0.3283333333333333,68,21.13
8,1995,West,1.7833333333333334,0.25,0.056666666666666664,0.19333333333333333,37.333333333333336,21.843333333333334
8,1996,West,1.0899999999999999,0.35333333333333333,0.05,0.30333333333333334,41.33333333333333,21.303333333333335
8,1997,West,1.02,0.39666666666666667,0.04666666666666667,0.35,37.333333333333336,21.236666666666668
8,1998,West,1.8833333333333333,0.32,0.043333333333333335,0.27666666666666667,27,22.8
8,1999,West,1.7266666666666666,0.43,0.06,0.37,30.666666666666664,20.263333333333335
8,2000,West,1.5333333333333334,0.41333333333333333,0.05,0.36333333333333334,26.666666666666664,21.026666666666667
8,2001,West,1.4333333333333333,0.5066666666666667,0.08333333333333334,0.42333333333333334,38.00000000000001,20.096666666666668
8,2002,West,1.94,0.4866666666666667,0.06,0.4266666666666667,36.66666666666667,20.83
8,2003,West,1.5333333333333332,0.38,0.08,0.3,34,21.663333333333334
8,2004,West,2.5166666666666666,0.4533333333333333,0.05666666666666667,0.39666666666666667,52.66666666666668,21.066666666666666
8,2005,West,1.3766666666666667,0.37,0.05,0.32,45.33333333333334,20.646666666666665
8,2006,West,2.29,0.32666666666666666,0.06333333333333334,0.26333333333333336,37.333333333333336,20.9
8,2007,West,2.4833333333333334,0.5233333333333334,0.06333333333333334,0.46,66.66666666666666,21.336666666666666
8,2008,West,3.6133333333333333,0.52,0.043333333333333335,0.4766666666666667,77.33333333333334,20.86
8,2009,West,1.9266666666666665,0.26666666666666666,0.03666666666666667,0.23,55.33333333333333,21.116666666666667
8,2010,West,1.4266666666666667,0.39999999999999997,0.05333333333333334,0.3466666666666667,48,19.156666666666666
8,2011,West,3.6566666666666667,0.2733333333333334,0.03666666666666667,0.23666666666666666,45.33333333333334,20.543333333333333
8,2012,West,2.17,0.3433333333333333,0.03333333333333333,0.31,54.66666666666668,20.953333333333333
8,2013,West,1.9966666666666666,0.42333333333333334,0.06333333333333332,0.36,46.666666666666664,20.776666666666667
8,2014,West,1.7033333333333334,0.4966666666666667,0.030000000000000002,0.4666666666666667,65.33333333333333,20.673333333333332
8,2015,West,2.11,0.38333333333333336,0.03,0.35333333333333333,40.00000000000001,21.276666666666667
8,2016,West,2.3833333333333333,0.37666666666666665,0.05,0.32666666666666666,50.66666666666667,20.243333333333332
8,2017,West,3.0166666666666666,0.36,0.04666666666666667,0.31333333333333335,63.99999999999999,20.803333333333335
8,2018,West,2.3933333333333335,0.41533333333333333,0.05333333333333334,0.362,54.66666666666667,20.466666666666665
8,2019,West,3.0033333333333334,0.24466666666666667,0.05,0.19466666666666665,49.333333333333336,21.513333333333332
8,2020,West,1.0324392364087815,0.2966666666666667,0.05666666666666667,0.24,80,21.526666666666667
9,1995,West,1.4366666666666668,0.28,0.04666666666666667,0.23333333333333334,38,20.4
9,1996,West,0.9166666666666666,0.36,0.07,0.29,41.33333333333334,19.633333333333333
9,1997,West,1.4500000000000002,0.37333333333333335,0.023333333333333334,0.35,66,21.913333333333334
9,1998,West,2.4333333333333336,0.26666666666666666,0.03333333333333333,0.23333333333333334,29.33333333333333,22.023333333333333
9,1999,West,1.8133333333333332,0.42,0.06333333333333334,0.3566666666666667,32.66666666666667,17.973333333333333
9,2000,West,1.8433333333333335,0.41,0.05333333333333334,0.3566666666666667,50.22828562033639,19.69
9,2001,West,1.69,0.47333333333333333,0.03333333333333333,0.44,51.00000000000001,19.986666666666668
9,2002,West,3.0033333333333334,0.39,0.060000000000000005,0.33,39.33333333333333,19.473333333333333
9,2003,West,1.8933333333333333,0.37666666666666665,0.05666666666666667,0.32,47.333333333333336,21.153333333333332
9,2004,West,2.07,0.33999999999999997,0.06999999999999999,0.27,68.66666666666667,20.28
9,2005,West,1.76,0.33666666666666667,0.05,0.2866666666666667,47.333333333333336,18.956666666666667
9,2006,West,1.1866666666666665,0.39666666666666667,0.07666666666666667,0.32,42,20.25
9,2007,West,1.43,0.42333333333333334,0.06666666666666667,0.3566666666666667,72.66666666666666,19.22
9,2008,West,1.71,0.46,0.06333333333333334,0.39666666666666667,102,21.72
9,2009,West,1.6166666666666667,0.3666666666666667,0.06666666666666667,0.3,79.33333333333333,20.64
9,2010,West,3.6,0.3333333333333333,0.043333333333333335,0.29,56.66666666666666,19.21333333333333
9,2011,West,2.16,0.29,0.05,0.24000000000000002,65.33333333333333,20.713333333333335
9,2012,West,2.1933333333333334,0.44,0.060000000000000005,0.38,66.66666666666666,19.283333333333335
9,2013,West,2.0533333333333332,0.5266666666666666,0.07,0.45666666666666667,62.66666666666667,19.723333333333333
9,2014,West,1.4000000000000001,0.5066666666666667,0.04,0.4666666666666667,67.33333333333333,21.286666666666665
9,2015,West,1.3466666666666667,0.42,0.02666666666666667,0.3933333333333333,95.99999999999997,21.093333333333334
9,2016,West,1.6233333333333333,0.4666666666666667,0.06,0.4066666666666667,52.000000000000014,18.656666666666666
9,2017,West,2.61,0.42000000000000004,0.08333333333333333,0.33666666666666667,48.00000000000001,20.976666666666667
9,2018,West,2.6333333333333333,0.3933333333333333,0.06333333333333332,0.33,92,18.85
9,2019,West,1.6533333333333333,0.31766666666666665,0.059333333333333335,0.25833333333333336,46.666666666666664,21.556666666666665
9,2020,West,1.2433333333333334,0.3383333333333333,0.07666666666666667,0.26166666666666666,61.333333333333336,20.013333333333332
10,1995,West,0.8233333333333334,0.33,0.06,0.27,47.33333333333333,18.276666666666667
10,1996,West,1.18,0.38666666666666666,0.08,0.30666666666666664,48.666666666666664,17.5
10,1997,West,0.8366666666666667,0.3466666666666667,0.060000000000000005,0.2866666666666667,63.33333333333333,18.563333333333333
10,1998,West,0.9974740552348477,0.3507119060805224,0.06600852239786179,0.28470338368266057,33.66110905966508,18.01741390104687
10,1999,West,1.7,0.38333333333333336,0.06666666666666667,0.31666666666666665,54.666666666666664,18.416666666666664
10,2000,West,1.96,0.41333333333333333,0.07333333333333333,0.33999999999999997,45,19.456666666666667
10,2001,West,1.88,0.57,0.08333333333333334,0.48666666666666664,46.666666666666664,18.383333333333333
10,2002,West,1.72,0.44333333333333336,0.06333333333333334,0.38,52.00000000000001,18.356666666666666
10,2003,West,1.9333333333333333,0.4133333333333334,0.07666666666666667,0.33666666666666667,80.66666666666666,18.71666666666667
10,2004,West,0.8333333333333334,0.47,0.1,0.37,51.333333333333336,17.446666666666665
10,2005,West,1.4866666666666666,0.43999999999999995,0.09666666666666666,0.3433333333333333,57.333333333333336,17.419999999999998
10,2006,West,1.5,0.4533333333333333,0.07666666666666667,0.37666666666666665,42,17.586666666666666
10,2007,West,1.1166666666666667,0.53,0.1,0.43,75.33333333333334,16.89666666666667
10,2008,West,1.77,0.49333333333333335,0.07666666666666666,0.4166666666666667,93.33333333333336,19.5
10,2009,West,1.05,0.44333333333333336,0.09333333333333334,0.35000000000000003,62.666666666666664,16.956666666666667
10,2010,West,1.51,0.37,0.07666666666666667,0.29333333333333333,80.66666666666667,19.496666666666666
10,2011,West,1.3333333333333333,0.33,0.08333333333333334,0.24666666666666667,57.333333333333336,18.786666666666665
10,2012,West,1.5033333333333334,0.44333333333333336,0.07333333333333333,0.37,76,18.41
10,2013,West,1.2466666666666666,0.47,0.09666666666666666,0.37333333333333335,65.33333333333334,17.766666666666666
10,2014,West,1.3966666666666667,0.47333333333333333,0.03333333333333333,0.44,96.00000000000003,21.433333333333334
10,2015,West,1.1233333333333333,0.53,0.02,0.51,90.66666666666666,19.963333333333335
10,2016,West,1.6366666666666667,0.5166666666666667,0.11333333333333334,0.4033333333333333,65.33333333333334,17.343333333333334
10,2017,West,1.5433333333333334,0.4366666666666667,0.10333333333333333,0.33333333333333337,58.66666666666667,17.513333333333335
10,2018,West,1.3733333333333333,0.43666666666666665,0.09666666666666666,0.34,62.66666666666668,17.29
10,2019,West,1.2433333333333334,6.173333333333334,0.17333333333333334,6,57.333333333333336,18.543333333333333
10,2020,West,1.8133333333333332,0.36766666666666664,0.060000000000000005,0.30766666666666664,106.66666666666664,19.663333333333334
11,1995,West,0.78,0.21,0.07,0.14,49.99999999999999,16.163333333333334
11,1996,West,0.8433333333333334,0.48333333333333334,0.15000000000000002,0.33333333333333337,37.333333333333336,14.256666666666668
11,1997,West,0.5166666666666666,0.48333333333333334,0.13333333333333333,0.35,61.33333333333333,17.063333333333333
11,1998,West,1.5666666666666667,0.5,0.13,0.37,34,14.97
11,1999,West,0.8433333333333333,0.5066666666666667,0.14666666666666667,0.36,50.00000000000001,15.876666666666667
11,2000,West,0.99,0.5166666666666667,0.12666666666666665,0.39,40.66666666666667,15.33
11,2001,West,0.93,0.59,0.15666666666666668,0.43333333333333335,49.33333333333333,16.133333333333333
11,2002,West,0.9299999999999999,0.5666666666666668,0.12333333333333334,0.44333333333333336,44.00000000000001,15.663333333333334
11,2003,West,0.7133333333333334,0.5566666666666668,0.1366666666666667,0.42,60.66666666666667,14.84
11,2004,West,0.84,0.6,0.15666666666666668,0.4433333333333333,63.33333333333334,14
11,2005,West,1.0533333333333332,0.6,0.1366666666666667,0.4633333333333333,69.99999999999999,14.99
11,2006,West,0.85,0.5366666666666667,0.11,0.42666666666666664,46,15.41
11,2007,West,1.1733333333333333,0.6433333333333333,0.12333333333333334,0.52,60,15.916666666666668
11,2008,West,1.33,0.6833333333333333,0.14,0.5433333333333333,53.99999999999999,15.53
11,2009,West,1.0966666666666667,0.5766666666666667,0.14666666666666667,0.43,61.33333333333334,16.28333333333333
11,2010,West,1.2166666666666666,0.52,0.11333333333333333,0.4066666666666667,88,15.633333333333333
11,2011,West,1.2866666666666666,0.39,0.11666666666666667,0.2733333333333333,60.00000000000001,13.643333333333333
11,2012,West,1.2366666666666668,0.4666666666666667,0.12666666666666668,0.34,73.33333333333334,17.183333333333334
11,2013,West,1.4533333333333334,0.5633333333333334,0.12333333333333334,0.44,66.66666666666667,15.3
11,2014,West,1.45,0.5666666666666667,0.08333333333333333,0.48333333333333334,57.333333333333336,16.553333333333335
11,2015,West,1.0733333333333333,0.5733333333333334,0.043333333333333335,0.53,57.33333333333333,17.413333333333334
11,2016,West,1.4100000000000001,0.5566666666666666,0.10333333333333333,0.4533333333333333,100,17.4
11,2017,West,1.2966666666666666,0.56,0.14,0.42,52.00000000000001,15.046666666666667
11,2018,West,1.5366666666666666,0.5403333333333333,0.14,0.4003333333333333,71,13.406666666666666
11,2019,West,0.929956768683877,3.251666666666667,0.17666666666666667,3.075,73.33333333333334,14.803333333333333
11,2020,West,1.1533333333333333,0.431,0.11233333333333333,0.31866666666666665,62.66666666666667,14.41
12,1995,West,0.6266666666666667,0.5866666666666667,0.12666666666666668,0.45999999999999996,25.333333333333336,12.586666666666666
12,1996,West,0.29150871673927153,0.3681441068610379,0.0978384161291668,0.27030569073187105,30.75513292216026,11.176892201452906
12,1997,West,0.5766666666666667,0.6333333333333333,0.18,0.4533333333333333,39.33333333333333,11.903333333333332
12,1998,West,1.5155297099628537,0.3466666666666667,0.07333333333333333,0.2733333333333333,32,10.17
12,1999,West,1.04,0.5566666666666668,0.17666666666666667,0.38,43.333333333333336,10.473333333333334
12,2000,West,1.0666666666666667,0.5866666666666667,0.18666666666666668,0.39999999999999997,39.623005717991006,10.986311227224837
12,2001,West,1.05,0.7533333333333333,0.20333333333333334,0.55,25.333333333333332,11.48
12,2002,West,1.1633333333333333,0.6166666666666667,0.15333333333333332,0.4633333333333333,48.66666666666667,12.773333333333333
12,2003,West,0.9466666666666667,0.67,0.21,0.46,42,10.683333333333334
12,2004,West,0.2949334967064359,0.6766666666666666,0.2,0.4766666666666667,43.33333333333333,10.726666666666667
12,2005,West,0.6433333333333333,0.7133333333333333,0.20666666666666667,0.5066666666666667,48.66666666666667,11.06
12,2006,West,1.0566666666666666,0.6033333333333334,0.13666666666666666,0.4666666666666667,60.00000000000001,11.816666666666666
12,2007,West,1.5566666666666666,0.7433333333333334,0.17,0.5733333333333334,47.33333333333334,10.73
12,2008,West,0.9133333333333333,0.7133333333333334,0.15333333333333332,0.5599999999999999,62,12.583333333333334
12,2009,West,1.1433333333333333,0.6566666666666667,0.16333333333333333,0.49333333333333335,45.99999999999999,9.803333333333333
12,2010,West,0.7933333333333333,0.49,0.15,0.33999999999999997,70.66666666666667,11.633333333333333
12,2011,West,1.0866666666666667,0.41,0.15666666666666668,0.2533333333333333,53.333333333333336,9.873333333333333
12,2012,West,1.1433333333333333,0.6066666666666667,0.1366666666666667,0.47,27.999999999999996,13.163333333333332
12,2013,West,1.1866666666666665,0.64,0.16333333333333333,0.4766666666666667,44,9.443333333333333
12,2014,West,0.7433333333333333,0.7766666666666667,0.17666666666666667,0.6,40,12.969999999999999
12,2015,West,1.56,0.59,0.09666666666666666,0.49333333333333335,68,11.629999999999999
12,2016,West,1.3366666666666667,0.68,0.15333333333333335,0.5266666666666667,57.333333333333336,11.5
12,2017,West,1.03,0.6533333333333333,0.17666666666666667,0.4766666666666667,70.66666666666666,11.383333333333333
12,2018,West,1.1866666666666668,0.6173333333333333,0.16366666666666665,0.45366666666666666,80,11.83
12,2019,West,0.7866666666666667,0.37666666666666665,0.22666666666666668,0.15,69.33333333333334,11.773333333333333
12,2020,West,NA,NA,NA,NA,NA,NA
